factor,dv,M_high,M_low,diff,t,p,cohens_d
agency,CS_c,0.13579055892664427,-0.13579055892664452,0.27158111785328876,4.7459568816813,2.325267774168157e-06,0.2740079483201055
agency,PA_c,0.3250939493650397,-0.3250939493650398,0.6501878987300795,11.904049776171624,6.165725835521366e-31,0.6872806342719392
agency,AD_c,-0.21860149078679966,0.2186014907867995,-0.43720298157359916,-7.75719139739627,1.8487217070493044e-14,-0.4478616541442186
locus,CS_c,0.06416476960269996,-0.06416476960270022,0.1283295392054002,2.2263974433104052,0.026173047992976293,0.1285411163218357
locus,PA_c,0.11048528872745313,-0.11048528872745327,0.2209705774549064,3.8493124223251134,0.00012471256368985648,0.22224015632243746
locus,AD_c,0.009170599125690066,-0.009170599125690218,0.018341198251380284,0.3175597329903626,0.7508743042160317,0.018334319732577153
frame,CS_c,0.07993949701333054,-0.07993949701333079,0.15987899402666134,2.77692474423311,0.0055731286422563454,0.16032582486023186
frame,PA_c,0.10157860518320547,-0.10157860518320555,0.20315721036641102,3.535621651101256,0.0004223411491876637,0.2041292112015979
frame,AD_c,-0.12177702559928065,0.12177702559928044,-0.2435540511985611,-4.248365381232055,2.3203027844609246e-05,-0.24527948964702143
