stringency,precarity_-1SD,precarity_mean,precarity_+1SD
0.0,0.0,0.0,0.0
0.005,0.01811512928007213,0.01810569128007213,0.018096253280072132
0.01,0.03570808050066132,0.035670328500661326,0.035632576500661324
0.015,0.052792781591628965,0.05270783959162897,0.05262289759162897
0.02,0.06938278268331778,0.06923177468331777,0.06908076668331778
0.025,0.0854912663544834,0.0852553163544834,0.0850193663544834
0.03,0.10113105760224791,0.10079128960224792,0.10045152160224792
0.035,0.1163146335416154,0.1158521715416154,0.1153897095416154
0.04,0.13105413284188439,0.13045010084188438,0.1298460688418844
0.045,0.1453613649070955,0.14459688690709552,0.1438324089070955
0.05,0.15924781880745573,0.15830401880745573,0.15736021880745574
0.055,0.17272467196849578,0.17158267396849577,0.1704406759684958
0.06,0.18580279862453034,0.18444372662453032,0.18308465462453033
0.065,0.19849277804281648,0.19689775604281648,0.19530273404281648
0.07,0.2108049025246285,0.2089550545246285,0.2071052065246285
0.075,0.22274918518930148,0.22062563518930148,0.21850208518930148
0.08,0.23433536754712986,0.23191923954712984,0.22950311154712985
0.085,0.2455729268668487,0.24284534486684872,0.24011776286684872
0.09,0.25647108334327057,0.25341317134327057,0.2503552593432706
0.095,0.2670388070704964,0.2636316890704964,0.2602245710704964
0.1,0.2772848248259774,0.27350962482597735,0.26973442482597737
0.105,0.2872176266705559,0.28305546867055587,0.2788933106705559
0.11,0.29684547236947884,0.2922774803694788,0.2877094883694788
0.115,0.30617639763923876,0.3011836956392388,0.2961909936392388
0.12,0.3152182202249677,0.30978193222496775,0.30434564422496774
0.125,0.3239785458129789,0.3180797958129789,0.3121810458129789
0.13,0.33246477378293016,0.32608468578293015,0.31970459778293014
0.135,0.34068410280395695,0.33380380080395694,0.32692349880395694
0.14,0.3486435362790094,0.3412441442790094,0.3338447522790094
0.145,0.3563498876415098,0.3484125296415098,0.3404751716415098
0.15,0.36380978550833526,0.35531558550833525,0.34682138550833524
0.155,0.37102967869302605,0.36195976069302604,0.3528898426930261
0.16,0.3780158410830085,0.36835132908300855,0.35868681708300854
0.165,0.3847743763845202,0.3744963943845202,0.36421841238452024
0.17,0.3913112227388299,0.3804008947388299,0.3694905667388299
0.17500000000000002,0.3976321572132394,0.38607060721323944,0.3745090572132394
0.18,0.40374280017026537,0.39151115217026533,0.37927950417026535
0.185,0.4096486195183082,0.39672799751830823,0.38380737551830824
0.19,0.415354934847016,0.40172646284701596,0.388097990847016
0.195,0.4208669214504799,0.4065117234504799,0.3921565254504799
0.2,0.42618961424129526,0.41108881424129523,0.39598801424129526
0.20500000000000002,0.4313279115584553,0.4154626335584553,0.3995973555584553
0.21,0.4362865788719531,0.4196379468719531,0.4029893148719531
0.215,0.4410702523868952,0.42361939038689517,0.40616852838689516
0.22,0.4456834425498531,0.42741147454985307,0.4091395065498531
0.225,0.4501305374601033,0.4310185874601033,0.41190663746010325
0.23,0.45441580618833577,0.4344449981883358,0.4144741901883358
0.23500000000000001,0.4585434020053437,0.4376948600053437,0.41684631800534366
0.24,0.46251736552313133,0.44077221352313134,0.4190270615231313
0.245,0.4663416277508191,0.4436809897508191,0.4210203517508191
0.25,0.4700200130676577,0.44642501306765775,0.4228300130676577
0.255,0.4735562421153965,0.4490080041153965,0.4244597661153965
0.26,0.47695393461219593,0.45143358261219596,0.42591323061219594
0.265,0.4802166120902129,0.4537052700902129,0.42719392809021284
0.27,0.48334770055892634,0.4558264925589263,0.4283052845589263
0.275,0.48635053309622034,0.45780058309622035,0.4292506330962203
0.28,0.4892283523691834,0.4596307843691834,0.4300332163691834
0.28500000000000003,0.4919843130865301,0.46132025108653013,0.43065618908653014
0.29,0.4946214843844997,0.4628720523844997,0.4311226203844997
0.295,0.49714285214803605,0.46428917414803605,0.431435496148036
0.3,0.49955132126900675,0.4655745212690068,0.43159772126900675
0.305,0.5018497178431651,0.46673091984316517,0.4316121218431651
0.31,0.5040407913075198,0.46776111930751973,0.43148144730751975
0.315,0.5061272165197283,0.46866779451972823,0.4312083725197282
0.32,0.5081115957810842,0.46945354778108417,0.43079549978108417
0.325,0.5099964608046335,0.4701209108046335,0.43024536080463344
0.33,0.5117842746299011,0.4706723466299011,0.4295604186299011
0.335,0.5134774334856835,0.4711102514856836,0.4287430694856835
0.34,0.5150782686023107,0.47143695660231066,0.4277956446023106
0.34500000000000003,0.5165890479747488,0.47165472997474883,0.4267204119747488
0.35000000000000003,0.5180119780778817,0.47176577807788167,0.42551957807788165
0.355,0.5193492055352612,0.47177224753526126,0.4241952895352612
0.36,0.5206028187425935,0.47167622674259346,0.42274963474259347
0.365,0.5217748494471888,0.47147974744718874,0.42118464544718875
0.37,0.5228672742845661,0.47118478628456617,0.4195022982845662
0.375,0.523882016273379,0.47079326627337903,0.417704516273379
0.38,0.5248209462697891,0.4703070582697892,0.4157931702697891
0.385,0.5256858843823913,0.46972798238239133,0.41377008038239127
0.39,0.5264786013487565,0.4690578093487564,0.41163701734875646
0.395,0.5272008198746371,0.4682982618746371,0.40939570387463703
0.4,0.5278542159368453,0.46745101593684535,0.4070478159368453
0.405,0.5284404200507901,0.46651770205079,0.40459498405079
0.41000000000000003,0.5289610185036323,0.4654999065036323,0.40203879450363234
0.41500000000000004,0.52941755455399,0.46439917255399,0.39938079055399
0.42,0.5298115295991014,0.4632170015991014,0.3966224735991014
0.425,0.5301444043103279,0.4619548543103279,0.39376530431032786
0.43,0.5304175997378568,0.4606141517378568,0.3908107037378568
0.435,0.5306324983854378,0.45919627638543775,0.3877600543854377
0.44,0.5307904452559672,0.4577025732559672,0.3846147012559672
0.445,0.5308927488687115,0.45613435086871157,0.3813759528687115
0.45,0.5309406822489361,0.45449288224893614,0.37804508224893607
0.455,0.5309354838906919,0.4527794058906919,0.37462332789069186
0.46,0.5308783586934861,0.4509951266934861,0.3711118946934861
0.465,0.5307704788735438,0.4491412168735438,0.3675119548735438
0.47000000000000003,0.530612984850353,0.44721881685035303,0.363824648850353
0.47500000000000003,0.5304069861091611,0.4452290361091611,0.3600510861091611
0.48,0.530153562040076,0.443172954040076,0.356192346040076
0.485,0.5298537627544061,0.44105162075440607,0.35224947875440604
0.49,0.5295086098788574,0.43886605787885746,0.3482235058788574
0.495,0.5291190973281872,0.43661725932818723,0.34411542132818723
0.5,0.528686192056899,0.43430619205689913,0.33992619205689906
0.505,0.5282108347905495,0.43193379679054955,0.3356567587905495
0.51,0.5276939407372149,0.4295009887372149,0.3313080367372149
0.515,0.5271364002796622,0.4270086582796623,0.32688091627966226
0.52,0.5265390796487437,0.4244576716487437,0.3223762636487436
0.525,0.5259028215785241,0.42184887157852413,0.31779492157852407
0.53,0.5252284459436395,0.4191830779436395,0.3131377099436395
0.535,0.5245167503793661,0.4164610883793661,0.3084054263793661
0.54,0.5237685108848703,0.4136836788848703,0.3035988468848702
0.545,0.5229844824100942,0.4108516044100942,0.29871872641009417
0.55,0.5221653994267236,0.4079655994267235,0.2937657994267235
0.555,0.5213119764836662,0.4050263784836663,0.28874078048366625
0.56,0.5204249087474646,0.40203463674746454,0.2836443647474645
0.5650000000000001,0.519504872528047,0.39899105052804695,0.2784772285280468
0.5700000000000001,0.5185525257902212,0.3958962777902212,0.2732400297902211
0.5750000000000001,0.5175685086512901,0.39275095865129006,0.26793340865129
0.58,0.5165534438651715,0.38955571586517157,0.26255798786517154
0.585,0.5155079372933865,0.3863111552933865,0.2571143732933865
0.59,0.5144325783632686,0.3830178663632686,0.25160315436326863
0.595,0.5133279405137487,0.3796764225137488,0.2460249045137488
0.6,0.5121945816290446,0.3762873816290447,0.24038018162904468
0.605,0.5110330444605876,0.37285128646058757,0.23466952846058753
0.61,0.5098438570375038,0.3693686650375038,0.2288934730375038
0.615,0.5086275330659618,0.36584003106596175,0.22305252906596174
0.62,0.5073845723176873,0.36226588431768736,0.2171471963176873
0.625,0.5061154610079396,0.35864671100793954,0.21117796100793956
0.63,0.5048206721632342,0.3549829841632342,0.20514529616323424
0.635,0.5035006659790926,0.3512751639790926,0.19904966197909252
0.64,0.5021558901680867,0.3475236981680867,0.1928915061680867
0.645,0.5007867802984423,0.34372902229844227,0.18667126429844222
0.65,0.4993937601234594,0.33989156012345934,0.1803893601234593
0.655,0.4979772419019949,0.3360117239019948,0.17404620590199477
0.66,0.49653762671025325,0.33208991471025323,0.1676422027102531
0.665,0.4950753047451198,0.32812652274511983,0.16117774074511976
0.67,0.4935906556192655,0.32412192761926556,0.15465319961926544
0.675,0.4920840486482469,0.3200764986482469,0.14806894864824682
0.68,0.4905558431298189,0.3159905951298188,0.1414253471298188
0.685,0.4890063886156707,0.31186456661567075,0.1347227446156707
0.6900000000000001,0.4874360251757912,0.30769875317579115,0.12796148117579098
0.6950000000000001,0.48584508365566254,0.30349348565566253,0.12114188765566247
0.7000000000000001,0.4842338859264786,0.29924908592647853,0.11426428592647841
0.705,0.4826027451285744,0.29496586712857437,0.10732898912857436
0.71,0.4809519659082543,0.29064413390825433,0.10033630190825427
0.715,0.47928184464819507,0.2862841826481951,0.09328652064819509
0.72,0.4775926696915989,0.28188630169159895,0.08617993369159893
0.725,0.4758847215602673,0.2774507715602673,0.07901682156026724
0.73,0.47415827316675896,0.272977865166759,0.071797457166759
0.735,0.47241359002079275,0.26846784802079277,0.06452210602079267
0.74,0.4706509304300518,0.26392097843005186,0.057191026430051806
0.745,0.46887054569554176,0.25933750769554176,0.04980446969554175
0.75,0.4670726803016486,0.25471768030164865,0.04236268030164858
0.755,0.4652575721010414,0.25006173410104143,0.034865896101041405
0.76,0.46342545249456063,0.2453699004945606,0.027314348494560603
0.765,0.46157654660622527,0.24064240460622532,0.01970826260622527
0.77,0.4597110734534935,0.23587946545349348,0.01204785745349346
0.775,0.4578292461129059,0.23108129611290584,0.0043333461129058115
0.78,0.45593127188123406,0.226248103881234,-0.0034350641187660402
0.785,0.45401735243225866,0.22138009043225865,-0.011257171567741309
0.79,0.4520876839692952,0.2164774519692952,-0.019132780030704843
0.795,0.45014245737358227,0.21154037937358228,-0.02706169862641783
0.8,0.4481818583486438,0.20656905834864375,-0.035043741651356264
0.805,0.4462060675607368,0.2015636695607368,-0.043078728439263414
0.81,0.4442152607754888,0.19652438877548878,-0.05116648322451134
0.8150000000000001,0.44220960899082906,0.19145138699082903,-0.059306835009171
0.8200000000000001,0.44018927856631324,0.18634483056631318,-0.06749961743368682
0.8250000000000001,0.43815443134894166,0.18120488134894158,-0.07574466865105844
0.8300000000000001,0.4361052247955633,0.1760316967955633,-0.08404183120443665
0.835,0.43404181209195997,0.17082543009196,-0.09239095190804014
0.84,0.4319643422687006,0.16558623026870056,-0.10079188173129949
0.845,0.4298729603138528,0.16031424231385277,-0.10924447568614715
0.85,0.4277678072826363,0.15500960728263635,-0.1177485927173636
0.855,0.42564902040410424,0.1496724624041042,-0.12630409559589573
0.86,0.4235167331849268,0.14430294118492676,-0.13491085081507326
0.865,0.42137107551036435,0.13890117351036435,-0.14356872848963564
0.87,0.4192121737424982,0.1334672857424981,-0.15227760225750187
0.875,0.4170401508157975,0.12800140081579747,-0.16103734918420254
0.88,0.4148551263300957,0.1225036383300957,-0.1698478496699044
0.885,0.41265721664104194,0.1169741146410419,-0.17870898735895824
0.89,0.41044653494810246,0.11141294294810244,-0.18762064905189768
0.895,0.40822319138017116,0.1058202333801711,-0.19658272461982895
0.9,0.40598729307886106,0.10019609307886113,-0.20559510692113903
0.905,0.40373894427953505,0.09454062627953497,-0.214657691720465
0.91,0.4014782463901386,0.08885393439013856,-0.2237703776098614
0.915,0.39920529806789423,0.08313611606789417,-0.23293306593210605
0.92,0.39692019529391653,0.07738726729391643,-0.24214566070608357
0.925,0.39462303144580124,0.0716074814458012,-0.25140806855419884
0.93,0.3923138973682477,0.0657968493682477,-0.26072019863175233
0.935,0.3899928814417636,0.0599554594417635,-0.27008196255823647
0.9400000000000001,0.38766006964950767,0.054083397649507536,-0.27949327435049265
0.9450000000000001,0.3853155456423177,0.04818074764231772,-0.2889540503576824
0.9500000000000001,0.3829593908019763,0.042247590801976265,-0.29846420919802386
0.9550000000000001,0.38059168430275925,0.0362840063027593,-0.3080236716972409
0.96,0.3782125031713149,0.03029007117131488,-0.3176323608286852
0.965,0.3758219223449195,0.02426586034491951,-0.3272902016550804
0.97,0.373420014728152,0.018211446728152003,-0.3369971212718482
0.975,0.37100685124803096,0.012126901248031063,-0.346753048751969
0.98,0.3685825009076574,0.006012292907657479,-0.3565579150923427
0.985,0.3661470308384014,-0.00013231116159873046,-0.36641165316159874
0.99,0.3637005063506734,-0.006306845649326598,-0.3763141976493265
0.995,0.3612429909833177,-0.01251124701668227,-0.38626548501668245
1.0,0.358774546551668,-0.018745453448332006,-0.3962654534483321
