policy,lambda_social,r_demarketer,Q_base,Q_treat,throughput_reduction,leakage,relative_profit_demarketers,profit_ratio_demarketers,profit_ratio_mean,profit_total_treat,profit_total_base,cs_mean_treat,cs_mean_base,rebound_mean_treat,units_lost_at_demarketers,prop_rate,d_mean,r_mean,n_exits,n_exits_demarketers,n_exits_conventional,viable,PMV,share_micro_negative,mean_micro_g,regime
0.0,0.0,0.0,1037.3061407004004,1037.2327746873784,7.072744500717834e-05,0.9997098889692877,0.0,0.0,1.871121682830661,139.55657850294745,112.41511454458248,0.35271877920264655,0.3526282582714735,0.0,252.88942940870078,0.25,0.15749999999999997,0.0,2,2,0,False,False,0.0,0.42942557752635613,collapse
0.0,0.0,0.125,1037.3061407004004,1037.2379076068294,6.577912816073828e-05,0.9997301860590592,0.0,0.0,1.7917742109682486,139.55769028075534,112.41511454458248,0.352712469976907,0.3526282582714735,0.0,252.88942940870078,0.25,0.15749999999999997,0.028125,2,2,0,False,False,0.0,0.42942557752635613,collapse
0.0,0.0,0.25,1037.3061407004004,1028.2392319893947,0.008740822362126966,0.9321679331222587,0.5094185357158855,0.5288725318064461,1.330960386443007,126.10189752395705,112.41511454458248,0.3543146420076018,0.3526282582714735,0.0,133.6669974592936,0.125,0.09924405119999999,0.035444304,1,1,0,False,False,0.0,0.42942557752635613,collapse
0.0,0.0,0.375,1037.3061407004004,1010.1359729301955,0.02619300773815848,0.6527669093034552,0.7169408070457118,0.7148302202618813,1.0289338803426662,116.00923714182007,112.41511454458248,0.3590587281587387,0.3526282582714735,0.0,78.2476339328775,0.125,0.045003571199999995,0.024109055999999997,0,0,0,False,False,0.0,0.42942557752635613,futility
0.0,0.0,0.5,1037.3061407004004,1008.747639800433,0.027531410236021906,0.6419834524144117,0.8201413513118285,0.7862423271628864,1.0142960726810482,118.93830374687124,112.41511454458248,0.3588709013198645,0.3526282582714735,0.0,79.76866179108697,0.125,0.045003571199999995,0.032145408,0,0,0,False,False,0.0,0.42942557752635613,futility
0.0,0.0,0.625,1037.3061407004004,1007.3577035720064,0.028871358177994154,0.6315839674554489,0.9279920174434643,0.8562608759938524,1.0013568062584626,121.9977162816234,112.41511454458248,0.3586851381646024,0.3526282582714735,0.0,81.28972271252204,0.125,0.045003571199999995,0.040181760000000004,0,0,0,False,False,0.0,0.42942557752635613,futility
0.0,0.0,0.75,1037.3061407004004,997.9071980620281,0.03798198149272473,0.5825442922776054,1.0824659901911342,0.9622457302820486,1.0306906259917488,130.34107575107862,112.41511454458248,0.3589471477983675,0.3526282582714735,0.0,94.37873745535745,0.125,0.055279616,0.05922816,0,0,0,True,False,0.0,0.42942557752635613,futility
0.0,0.0,0.875,1037.3061407004004,941.3309175893407,0.0925235273805052,0.29064497545836343,1.4722917804867712,1.262057996808895,1.3183492372004353,172.88995214533747,112.41511454458248,0.36609838889785484,0.3526282582714735,0.0,135.29927862719506,0.25,0.12724992,0.1590624,0,0,0,True,False,0.0,0.42942557752635613,niche
0.0,0.0,1.0,1037.3061407004004,870.025461577113,0.16126452216925824,0.00819287441546035,2.1476923928862046,1.7769897352694781,1.7451722676703185,237.11016357509692,112.41511454458248,0.3755671363525291,0.3526282582714735,0.0,168.66250988537465,0.25,0.20804,0.2972,0,0,0,True,True,0.0,0.42942557752635613,niche
0.0,0.075,0.0,1017.0757678973367,1016.9444167509257,0.00012914588131675866,0.9994702672387324,0.0,0.0,1.8941475374836878,135.16216976006433,108.00964448474681,0.38139737373825244,0.381233175895961,0.0,247.95737778560172,0.25,0.15749999999999997,0.0,2,2,0,False,False,0.0,0.42942557752635613,collapse
0.0,0.075,0.125,1017.0757678973367,1016.9537754640164,0.00011994429242230178,0.9995080104717602,0.0,0.0,1.8075011404513617,135.16419683444644,108.00964448474681,0.38138570280485284,0.381233175895961,0.0,247.95737778560172,0.25,0.15749999999999997,0.028125,2,2,0,False,False,0.0,0.42942557752635613,collapse
0.0,0.075,0.25,1017.0757678973367,990.7787936928929,0.025855472162913846,0.646790197252986,0.6189006246021185,0.6410530247813806,1.0417000890219348,108.62560420583927,108.00964448474681,0.38889260807765536,0.381233175895961,0.0,74.45142801792221,0.125,0.045003571199999995,0.016072704,0,0,0,False,False,0.0,0.42942557752635613,futility
0.0,0.075,0.375,1017.0757678973367,989.4480615969874,0.02716386248928712,0.6362611601652526,0.7213397391872669,0.7156443299259885,1.0235132152706319,111.42909797174337,108.00964448474681,0.3886560816023597,0.381233175895961,0.0,75.95478754180083,0.125,0.045003571199999995,0.024109055999999997,0,0,0,False,False,0.0,0.42942557752635613,futility
0.0,0.075,0.5,1017.0757678973367,988.1147394785556,0.028474799354087466,0.626107530231174,0.8278646270487241,0.7878702342347039,1.0074882539115015,114.34236256257641,108.00964448474681,0.3884230471732737,0.381233175895961,0.0,77.45817517182792,0.125,0.045003571199999995,0.032145408,0,0,0,False,False,0.0,0.42942557752635613,futility
0.0,0.075,0.625,1017.0757678973367,986.7789299367545,0.029788181880703705,0.6163091129218927,0.9392257254325915,0.8585830028063257,0.9934931900927735,117.38568104999851,108.00964448474681,0.38819338300681916,0.381233175895961,0.0,78.96157813728524,0.125,0.045003571199999995,0.040181760000000004,0,0,0,False,False,0.0,0.42942557752635613,futility
0.0,0.075,0.75,1017.0757678973367,977.5041221935712,0.03890727412135126,0.5682186780183874,1.100270135857287,0.9672916539081597,1.0224106351848505,125.61160929533784,108.00964448474681,0.3884259881843897,0.381233175895961,0.0,91.64742356653092,0.125,0.055279616,0.05922816,0,0,0,True,False,0.0,0.42942557752635613,futility
0.0,0.075,0.875,1017.0757678973367,884.8659926747721,0.1299900945392594,0.050667636493256785,1.6713510231314521,1.4147337207275044,1.4990984131707303,191.287084259807,108.00964448474681,0.40166287069977874,0.381233175895961,0.0,139.26605718380267,0.25,0.170128,0.21265999999999996,0,0,0,True,True,0.0,0.42942557752635613,niche
0.0,0.075,1.0,1017.0757678973367,847.2189495291454,0.16700507841155898,0.009841640542906371,2.3539020326902085,1.9206391959235614,1.7747539895254636,234.93260486567,108.00964448474681,0.4074135209731813,0.381233175895961,0.0,171.54510361486442,0.25,0.21853999999999998,0.31220000000000003,0,0,0,True,True,0.0,0.42942557752635613,niche
0.0,0.15,0.0,993.314283608963,993.0789373829044,0.00023693027467955365,0.9990281553902131,0.0,0.0,1.9184343447419714,129.99296525783606,102.8352214215281,0.41511535483042605,0.41481781511132726,0.0,242.16446095245416,0.25,0.15749999999999997,0.0,2,2,0,False,False,0.0,0.42942557752635613,collapse
0.0,0.15,0.125,993.314283608963,993.0960611541205,0.00021969124822167864,0.9990988667206402,0.0,0.0,1.8229400418423094,129.9966742248298,102.8352214215281,0.41509372901716923,0.41481781511132726,0.0,242.16446095245416,0.25,0.15749999999999997,0.028125,2,2,0,False,False,0.0,0.42942557752635613,collapse
0.0,0.15,0.25,993.314283608963,966.3155065074939,0.027180498203827036,0.6241604561738512,0.6198474693025436,0.6386629192196847,1.034399239336133,103.23886247822513,102.8352214215281,0.4238364998166543,0.41481781511132726,0.0,71.8359138759436,0.125,0.045003571199999995,0.016072704,0,0,0,False,False,0.0,0.42942557752635613,futility
0.0,0.15,0.375,993.314283608963,965.0593058830689,0.02844515395795643,0.6146166794911068,0.7263073709486308,0.7145205920517639,1.014281182016823,106.02443280666671,102.8352214215281,0.42353414819847574,0.41481781511132726,0.0,73.31655580886026,0.125,0.045003571199999995,0.024109055999999997,0,0,0,False,False,0.0,0.42942557752635613,futility
0.0,0.15,0.5,993.314283608963,963.798981985079,0.029713960738234298,0.6053961040910691,0.8370519442482819,0.787743159368545,0.9967703699659439,108.91928358959564,102.8352214215281,0.4232374811475007,0.41481781511132726,0.0,74.79728895199702,0.125,0.045003571199999995,0.032145408,0,0,0,False,False,0.0,0.42942557752635613,futility
0.0,0.15,0.625,993.314283608963,962.5347827037737,0.03098666898593225,0.5964830111340547,0.9528690076929385,0.8592778833201087,0.9816535923704647,111.94371504208476,102.8352214215281,0.4229461728853938,0.41481781511132726,0.0,76.27807937329447,0.125,0.045003571199999995,0.040181760000000004,0,0,0,True,False,0.0,0.42942557752635613,futility
0.0,0.15,0.75,993.314283608963,949.2537193819225,0.044357123373840304,0.49412994628901175,1.138519061442721,0.9853163753089369,1.0337394843468126,122.8337180881493,102.8352214215281,0.4232098067145989,0.41481781511132726,0.0,87.09858174805714,0.125,0.05953683456,0.0637894656,0,0,0,True,False,0.0,0.42942557752635613,futility
0.0,0.15,0.875,993.314283608963,847.3709757104803,0.14692561086329461,0.10983629958087149,1.9036203922181314,1.583342007544625,1.5569369884325182,192.49459438018658,102.8352214215281,0.44298910390594853,0.41481781511132726,0.0,163.95108880508855,0.25,0.20384,0.25479999999999997,0,0,0,True,True,0.0,0.42942557752635613,niche
0.0,0.15,1.0,993.314283608963,770.0472617245618,0.22476976881195687,-0.27013061264523786,2.9479911810497756,2.359864788157131,2.1162113010309467,271.8566598297555,102.8352214215281,0.4558400875136681,0.41481781511132726,0.0,175.7827263287624,0.375,0.2838528,0.405504,0,0,0,True,True,0.0,0.42942557752635613,tipping
0.0,0.22499999999999998,0.0,965.0391901950213,964.6188837144578,0.0004355330693654311,0.998213523086405,0.0,0.0,1.94260614809144,123.82858719159356,96.67789161417467,0.45529255923757894,0.4547557046102084,0.0,235.2711514853943,0.25,0.15749999999999997,0.0,2,2,0,False,False,0.0,0.42942557752635613,collapse
0.0,0.22499999999999998,0.125,965.0391901950213,955.7515162319244,0.009624141752440165,0.9244241405195266,0.4766585585520639,0.5124827205231117,1.3864734384033592,109.08748922352576,96.67789161417467,0.45811810880193926,0.4547557046102084,0.0,122.8920719783095,0.125,0.09924405119999999,0.017722152,1,1,0,False,False,0.0,0.42942557752635613,collapse
0.0,0.22499999999999998,0.25,965.0391901950213,937.0908329865024,0.028960852048786685,0.593776108608666,0.6201890749937092,0.632381278248091,1.0209315243276453,96.79855901838155,96.67789161417467,0.4655682537756064,0.4547557046102084,0.0,68.80037782316207,0.125,0.045003571199999995,0.016072704,0,0,0,False,False,0.0,0.42942557752635613,futility
0.0,0.22499999999999998,0.375,965.0391901950213,935.935858961738,0.030157667718553462,0.5857241545651344,0.7319274894828347,0.7098193500889438,0.9987384661668568,99.56327456095707,96.67789161417467,0.46517136283811755,0.4547557046102084,0.0,70.25109369515276,0.125,0.045003571199999995,0.024109055999999997,0,0,0,False,False,0.0,0.42942557752635613,futility
0.0,0.22499999999999998,0.5,965.0391901950213,934.7742239173201,0.03136138571904532,0.5779068509778511,0.8482120052665056,0.7842900256766141,0.9797150630004865,102.43648768508726,96.67789161417467,0.46478363924166916,0.4547557046102084,0.0,71.70210259942665,0.125,0.045003571199999995,0.032145408,0,0,0,False,False,0.0,0.42942557752635613,futility
0.0,0.22499999999999998,0.625,965.0391901950213,933.6060595885568,0.032571869542533584,0.5703120127036092,0.9698785560837518,0.8568754684567113,0.9635452142234447,105.43842669102922,96.67789161417467,0.4644049142293473,0.4547557046102084,0.0,73.15338463205046,0.125,0.045003571199999995,0.040181760000000004,0,0,0,True,False,0.0,0.42942557752635613,futility
0.0,0.22499999999999998,0.75,965.0391901950213,872.8349660351442,0.09554453860184046,0.22122532586290167,1.3859075457711332,1.1721796262712951,1.2427654922982112,142.05497468903428,96.67789161417467,0.4743594002834671,0.4547557046102084,0.0,118.39653653611892,0.25,0.12724992,0.1363392,0,0,0,True,False,0.0,0.42942557752635613,niche
0.0,0.22499999999999998,0.875,965.0391901950213,800.9114721330586,0.1700736298893672,-0.06370640738690003,2.1568052010068848,1.749446031911254,1.6397904040535405,195.44559368642518,96.67789161417467,0.4891361398640899,0.4547557046102084,0.0,154.29795000028125,0.25,0.21853999999999998,0.27317499999999995,0,0,0,True,True,0.0,0.42942557752635613,niche
0.0,0.22499999999999998,1.0,965.0391901950213,730.8469812101474,0.2426763714513468,-0.4009323436058039,3.237976959883446,2.5230430843364893,2.1818698149786067,270.7104944610345,96.67789161417467,0.5028301885270108,0.4547557046102084,0.0,167.1688215735643,0.5,0.2950528,0.421504,0,0,0,True,True,0.0,0.42942557752635613,tipping
0.0,0.3,0.0,931.1181527269977,930.3757482162322,0.0007973257836195938,0.9967295156091688,0.0,0.0,1.964073767455839,116.41160773527366,89.29107198318344,0.5036171453111922,0.5026604170202162,0.0,227.0013924685938,0.25,0.15749999999999997,0.0,2,2,0,False,False,0.0,0.42942557752635613,collapse
0.0,0.3,0.125,931.1181527269977,921.2387964135733,0.010610206969427457,0.9164106922253874,0.479649711401962,0.5088634346456962,1.379214044942363,101.57122810077105,89.29107198318344,0.5070894890762621,0.5026604170202162,0.0,118.1892346813395,0.125,0.09924405119999999,0.017722152,1,1,0,False,False,0.0,0.42942557752635613,collapse
0.0,0.3,0.25,931.1181527269977,901.8808280703518,0.03140023054111613,0.5520072075744374,0.6193052804293507,0.619640891259913,0.9976403814037609,89.03213126047342,89.29107198318344,0.5158459884504686,0.5026604170202162,0.0,65.26293536631823,0.125,0.045003571199999995,0.016072704,0,0,0,False,False,0.0,0.42942557752635613,futility
0.0,0.3,0.375,931.1181527269977,900.8663439702088,0.0324897636977534,0.546268576127993,0.7382408344038572,0.6991918098318308,0.9734295583368842,91.7728666543884,89.29107198318344,0.5153114973887487,0.5026604170202162,0.0,66.67338245746572,0.125,0.045003571199999995,0.024109055999999997,0,0,0,False,False,0.0,0.42942557752635613,futility
0.0,0.3,0.5,931.1181527269977,899.8401977796295,0.033591821677800296,0.5406022409975023,0.8620783850201446,0.7752969644064512,0.953014254844013,94.62068901615149,89.29107198318344,0.5147928510986098,0.5026604170202162,0.0,68.08469204395504,0.125,0.045003571199999995,0.032145408,0,0,0,False,False,0.0,0.42942557752635613,futility
0.0,0.3,0.625,931.1181527269977,898.8033867660997,0.03470533343835751,0.5350173675631131,0.9917208534306379,0.849215675348068,0.9359491667578372,97.59593797160849,89.29107198318344,0.5142887235589663,0.5026604170202162,0.0,69.49671602042922,0.125,0.045003571199999995,0.040181760000000004,0,0,0,True,False,0.0,0.42942557752635613,futility
0.0,0.3,0.75,931.1181527269977,803.8850417123546,0.13664550588130103,-0.07431090291605602,1.641869659146316,1.3418939414145896,1.3745709601636475,150.17432439138065,89.29107198318344,0.533427252660673,0.5026604170202162,0.0,118.43229987640252,0.25,0.170128,0.18228,0,0,0,True,True,0.0,0.42942557752635613,niche
0.0,0.3,0.875,931.1181527269977,703.2832297918058,0.24468959419158992,-0.4854402544197949,2.819952791070703,2.204573263331226,1.9593083096847044,223.78352941950564,89.29107198318344,0.5605263843992982,0.5026604170202162,0.0,153.3787187046328,0.5,0.2950528,0.368816,0,0,0,True,True,0.0,0.42942557752635613,tipping
0.0,0.3,1.0,931.1181527269977,671.403538915559,0.2789276667529288,-0.6644894212792176,3.77719741568455,2.8304017529166723,2.318526039092214,276.27501682225807,89.29107198318344,0.5645449203513718,0.5026604170202162,0.0,156.03260104341126,0.625,0.31894464,0.4556352,0,0,0,True,True,0.0,0.42942557752635613,tipping
0.0,0.375,0.0,890.0325639125763,888.7381563404699,0.0014543373181944712,0.9940345745793321,0.0,0.0,1.978309740733551,107.39300710014305,80.34406279187277,0.5623215071252118,0.5606391883621034,0.0,216.98495594660028,0.25,0.15749999999999997,0.0,2,2,0,False,False,0.0,0.42942557752635613,collapse
0.0,0.375,0.125,890.0325639125763,879.2365697637993,0.012129886687873442,0.9040849319471054,0.48325504755132004,0.4993456518808305,1.3584482307626187,92.42299991179013,80.34406279187277,0.5666331980588105,0.5606391883621034,0.0,112.55785319177711,0.125,0.09924405119999999,0.017722152,1,1,0,False,False,0.0,0.42942557752635613,collapse
0.0,0.375,0.25,890.0325639125763,858.9993562161882,0.03486749693737762,0.4923845657725857,0.6157415700659215,0.5957555558876961,0.9581330935182746,79.56278990656656,80.34406279187277,0.5770426627502799,0.5606391883621034,0.0,61.13527210538888,0.125,0.045003571199999995,0.016072704,0,0,0,False,False,0.0,0.42942557752635613,futility
0.0,0.375,0.375,890.0325639125763,858.1811537245014,0.0357867919439445,0.49029957213821085,0.745002956818235,0.6782326104888354,0.9322601437647992,82.27544417129408,80.34406279187277,0.576306921279559,0.5606391883621034,0.0,62.490452130269176,0.125,0.045003571199999995,0.024109055999999997,0,0,0,False,False,0.0,0.42942557752635613,futility
0.0,0.375,0.5,890.0325639125763,857.3447002173306,0.03672659295919479,0.48803102239837004,0.8796825117407762,0.7566030503666832,0.910927783539249,85.09334730738473,80.34406279187277,0.5755959955492671,0.5606391883621034,0.0,63.84735233055582,0.125,0.045003571199999995,0.032145408,0,0,0,False,False,0.0,0.42942557752635613,futility
0.0,0.375,0.625,890.0325639125763,766.4151843443533,0.1388908502682216,-0.15581945862061497,1.4499708267889875,1.1823421065756858,1.2563486765818226,123.78843824404376,80.34406279187277,0.598185117865442,0.5606391883621034,0.0,106.95215299087558,0.25,0.170128,0.1519,0,0,0,True,True,0.0,0.42942557752635613,niche
0.0,0.375,0.75,890.0325639125763,700.1358008786997,0.21335934294256817,-0.47762168538237915,2.277218174011126,1.7658277456670022,1.6094540271624274,166.75876486219818,80.34406279187277,0.6158950144365776,0.5606391883621034,0.0,128.51514356649082,0.5,0.25228224,0.2703024,0,0,0,True,True,0.0,0.42942557752635613,tipping
0.0,0.375,0.875,890.0325639125763,653.3748042515069,0.26589786627662665,-0.6689549917877147,3.2677246066164476,2.416189378757547,1.9697001699215626,214.02691374625618,80.34406279187277,0.6293867654515063,0.5606391883621034,0.0,141.79996514320106,0.625,0.3044608,0.380576,0,0,0,True,True,0.0,0.42942557752635613,tipping
0.0,0.375,1.0,890.0325639125763,629.3630372253558,0.2928763926808692,-0.8433405399255223,4.210618062549872,2.9761982192208603,2.2950839278967896,260.8773399070395,80.34406279187277,0.6291323563102292,0.5606391883621034,0.0,141.4114869397667,0.625,0.315393792,0.45056255999999995,0,0,0,True,True,0.0,0.42942557752635613,tipping
0.0,0.44999999999999996,0.0,839.902885347009,837.7611149092876,0.002550021526401314,0.9895402785539945,0.0,0.0,1.9762310920547854,96.35150451757025,69.42756608765254,0.6341544840712404,0.6313429063406117,0.0,204.7636209795404,0.25,0.15749999999999997,0.0,2,2,0,False,False,0.0,0.42942557752635613,collapse
0.0,0.44999999999999996,0.125,839.902885347009,807.3257930482828,0.03878673697527174,0.40758209383218524,0.4673247820660668,0.4593958516586514,0.9264314086031072,65.43000505684088,69.42756608765254,0.6526993544327281,0.6313429063406117,0.0,54.990053405809974,0.125,0.045003571199999995,0.008036352,0,0,0,False,False,0.0,0.42942557752635613,futility
0.0,0.44999999999999996,0.25,839.902885347009,804.8976485630785,0.04167771940617631,0.3974290238171566,0.5941829735394021,0.541884204867056,0.8903145552193992,67.77805855156188,69.42756608765254,0.6532583823111865,0.6313429063406117,0.0,58.093134531107204,0.125,0.04758405119999999,0.016994304000000002,0,0,0,False,False,0.0,0.42942557752635613,futility
0.0,0.44999999999999996,0.375,839.902885347009,804.3930656055413,0.04227848285911852,0.40243935847612033,0.7441028926311929,0.6336393553925096,0.865429175126607,70.55930945032517,69.42756608765254,0.6521279797510849,0.6313429063406117,0.0,59.42462952531768,0.125,0.04758405119999999,0.025491456000000003,0,0,0,False,False,0.0,0.42942557752635613,futility
0.0,0.44999999999999996,0.5,839.902885347009,803.8558762309751,0.042918067963465735,0.4067216204341212,0.9009149277565014,0.7201430970267442,0.8457013954729107,73.453749350913,69.42756608765254,0.6510424790438575,0.6313429063406117,0.0,60.75901357202782,0.125,0.04758405119999999,0.033988608000000003,0,0,0,False,False,0.0,0.42942557752635613,futility
0.0,0.44999999999999996,0.625,839.902885347009,651.7258935984229,0.22404613084623481,-0.6128885929728187,2.1510829139964094,1.6212839862959125,1.3775443743557476,126.89239534313485,69.42756608765254,0.7031973994972777,0.6313429063406117,0.0,116.67079336319506,0.5,0.25983999999999996,0.232,0,0,0,True,True,0.0,0.42942557752635613,tipping
0.0,0.44999999999999996,0.75,839.902885347009,597.7791130508963,0.2882759144184609,-0.8989981836619569,3.241992711864139,2.3129382155722134,1.7331104143719855,168.6577005266134,69.42756608765254,0.7216551780586572,0.6313429063406117,0.0,127.50079193293926,0.625,0.3196928,0.34252800000000005,0,0,0,True,True,0.0,0.42942557752635613,tipping
0.0,0.44999999999999996,0.875,839.902885347009,589.9134301392278,0.2976409053583584,-1.0124630450095236,3.9337186949898837,2.6655834192185464,1.9980186650330662,204.71162371027395,69.42756608765254,0.7121855540463448,0.6313429063406117,0.0,124.22064386608312,0.625,0.315393792,0.39424224,0,0,0,True,True,0.0,0.42942557752635613,tipping
0.0,0.44999999999999996,1.0,839.902885347009,584.8098511005065,0.3037172971981277,-0.9687719345818075,4.896948935682432,3.1614602020257716,2.2370560178476184,240.5728737723872,69.42756608765254,0.7067482018823389,0.6313429063406117,0.0,129.56962143037026,0.625,0.315393792,0.45056255999999995,0,0,0,True,True,0.0,0.42942557752635613,tipping
0.0,0.525,0.0,779.7389560434419,776.3961879055634,0.004287034926202074,0.9824153675986209,0.0,0.0,1.9462667348323974,83.06001130869694,56.32595931999104,0.7208720921069923,0.7164362017481107,0.0,190.09599186255554,0.25,0.15749999999999997,0.0,2,2,0,False,False,0.0,0.42942557752635613,collapse
0.0,0.525,0.125,779.7389560434419,742.2497472875019,0.04807917889105871,0.26547207238671067,0.4049098356369595,0.363214361446387,0.8161269883870774,51.2461980989025,56.32595931999104,0.7448641463392263,0.7164362017481107,0.0,51.03850697379766,0.125,0.04758405119999999,0.008497152000000001,0,0,0,False,False,0.0,0.42942557752635613,futility
0.0,0.525,0.25,779.7389560434419,742.1511066919593,0.04820568353056417,0.2808443871925128,0.5761952411511,0.47358371025264256,0.7865562707424949,53.90279764663693,56.32595931999104,0.7432716008181256,0.7164362017481107,0.0,52.26664254867555,0.125,0.04758405119999999,0.016994304000000002,0,0,0,False,False,0.0,0.42942557752635613,futility
0.0,0.525,0.375,779.7389560434419,681.6849806693873,0.12575231058301992,-0.422803235212835,1.1043169123693959,0.8389999418572752,0.807330547082632,59.85380646727343,56.32595931999104,0.7747534380776309,0.7164362017481107,0.0,68.91604752317483,0.125,0.1335440512,0.071541456,0,0,0,True,True,0.0,0.42942557752635613,niche
0.0,0.525,0.5,779.7389560434419,590.7703510055944,0.2423485495667853,-0.9517419813588031,2.1053090813308706,1.489087009242903,1.1127584039714489,88.6145974689219,56.32595931999104,0.8066123004773899,0.7164362017481107,0.0,96.82048490153782,0.5,0.26193999999999995,0.18710000000000004,0,0,0,True,True,0.0,0.42942557752635613,tipping
0.0,0.525,0.625,779.7389560434419,540.1234200190829,0.30730225053807525,-1.2844958022251398,3.2537735060327413,2.15518345481378,1.4126858519963805,120.13160160065371,56.32595931999104,0.8265020405713267,0.7164362017481107,0.0,104.88771123631271,0.625,0.3196928,0.28544,0,0,0,True,True,0.0,0.42942557752635613,tipping
0.0,0.525,0.75,779.7389560434419,537.0258087820905,0.31127487652140473,-1.3010497522412816,3.9549664749310747,2.4653910518355704,1.682867521339003,152.06018589249504,56.32595931999104,0.8137600676342596,0.7164362017481107,0.0,105.47931309392271,0.625,0.319313792,0.34212191999999997,0,0,0,True,True,0.0,0.42942557752635613,tipping
0.0,0.525,0.875,779.7389560434419,510.1561370492218,0.3457347063460053,-1.3149263101222308,5.487537530697508,3.23317023959095,2.0399014851477455,195.01441845343416,56.32595931999104,0.8195818713322212,0.7164362017481107,0.0,116.45416867718171,0.625,0.34826623999999995,0.4353328,0,0,0,True,True,0.0,0.42942557752635613,tipping
0.0,0.525,1.0,779.7389560434419,507.6488947780487,0.3489501956475728,-1.215572991152241,6.901319366320421,3.8578798285323757,2.3402203271146425,235.80270045416782,56.32595931999104,0.8109770659916659,0.7164362017481107,0.0,122.80798797961913,0.625,0.34826623999999995,0.4975232,0,0,0,True,True,0.0,0.42942557752635613,tipping
0.0,0.6,0.0,709.0803547324301,704.2371440234876,0.006830270612658637,0.9719834804257242,0.0,0.0,1.8704717496637684,67.43053876554228,40.938978784546535,0.8232611229573187,0.8167807315315618,0.0,172.86982046797226,0.25,0.15749999999999997,0.0,2,2,0,False,False,0.0,0.42942557752635613,collapse
0.0,0.6,0.125,709.0803547324301,670.0848280409656,0.05499451004559195,0.12284732197557369,0.3102451139311281,0.23415713091611728,0.6525328451054825,35.394594739377105,40.938978784546535,0.8487868188501609,0.8167807315315618,0.0,44.45694309375251,0.125,0.04758405119999999,0.008497152000000001,0,0,0,False,False,0.0,0.42942557752635613,strained
0.0,0.6,0.25,709.0803547324301,599.3328882138062,0.1547743718834756,-1.0549683133548378,1.0218839859228932,0.6945902290273046,0.5851710087466715,35.24461171232444,40.938978784546535,0.8885906858296585,0.8167807315315618,0.0,53.405916677837105,0.25,0.14488006399999998,0.05174288,0,0,0,True,True,0.0,0.42942557752635613,niche
0.0,0.6,0.375,709.0803547324301,494.54446302624825,0.3025551198455308,-1.9773061720596035,2.5977071886178735,1.6099267724091502,0.804530742330193,53.14516043832387,40.938978784546535,0.9328026160545676,0.8167807315315618,0.0,72.05704731326739,0.5,0.29946,0.160425,0,0,0,True,True,0.0,0.42942557752635613,tipping
0.0,0.6,0.5,709.0803547324301,472.3823564762623,0.33380983787864954,-2.0357683369343147,3.6725633783349534,2.0956219073049183,1.109609436259889,79.60924695802396,40.938978784546535,0.9324137786084334,0.8167807315315618,0.0,77.96971704869893,0.625,0.3336928,0.238352,0,0,0,True,True,0.0,0.42942557752635613,tipping
0.0,0.6,0.625,709.0803547324301,461.154241934299,0.34964459407662685,-1.8997060984560887,4.798068736588084,2.5408299745261194,1.3919729716998765,107.61149594867622,40.938978784546535,0.9294844482576582,0.8167807315315618,0.0,85.5004281055022,0.625,0.34826623999999995,0.310952,0,0,0,True,True,0.0,0.42942557752635613,tipping
0.0,0.6,0.75,709.0803547324301,458.9384717156118,0.35276944474256205,-1.6923580084640957,6.0519383146964225,2.993751479317977,1.655492699063617,137.00708374009167,40.938978784546535,0.9220292501065724,0.8167807315315618,0.0,92.90810591698252,0.625,0.34826623999999995,0.3731424,0,0,0,True,True,0.0,0.42942557752635613,tipping
0.0,0.6,0.875,709.0803547324301,456.69271239760525,0.3559365883575533,-1.5271906060191252,7.578376752878158,3.5213888753380984,1.9331568778733372,170.3202587453116,40.938978784546535,0.9146150340373883,0.8167807315315618,0.0,99.86885901431484,0.625,0.34826623999999995,0.4353328,0,0,0,True,True,0.0,0.42942557752635613,tipping
0.0,0.6,1.0,709.0803547324301,454.3535277830608,0.35923548755696366,-1.3939985208339567,9.503665743171187,4.16801903757938,2.2376228538795715,208.8744663486631,40.938978784546535,0.9073183699494549,0.8167807315315618,0.0,106.4022490960581,0.625,0.34826623999999995,0.4975232,0,0,0,True,True,0.0,0.42942557752635613,tipping
0.3,0.0,0.0,1037.3061407004004,1019.5229291181375,0.017143648229302356,0.9296798936047145,0.0,0.0,2.0266225153655717,108.1935501505498,112.41511454458248,0.3776889318567107,0.3526282582714735,0.0,252.88942940870078,0.25,0.15749999999999997,0.0,2,2,0,False,False,0.0,0.42942557752635613,collapse
0.3,0.0,0.125,1037.3061407004004,1019.5283393979257,0.017138432527229554,0.9297012874597318,0.0,0.0,1.8850402276423213,108.19457592637454,112.41511454458248,0.37768228925204267,0.3526282582714735,0.0,252.88942940870078,0.25,0.15749999999999997,0.028125,2,2,0,False,False,0.0,0.42942557752635613,collapse
0.3,0.0,0.25,1037.3061407004004,993.9649578830204,0.041782441187628194,0.45118590321784036,0.4931282484251335,0.6769510856338978,1.0286120778754777,84.23235037189225,112.41511454458248,0.3843075200962921,0.3526282582714735,0.0,78.97242995670251,0.125,0.045003571199999995,0.016072704,0,0,0,False,False,0.0,0.42942557752635613,futility
0.3,0.0,0.375,1037.3061407004004,992.6003085810154,0.043098011633478976,0.4445224336371102,0.6112239527504015,0.7872675453709769,1.0034503489163684,87.578723824371,112.41511454458248,0.38411197302488426,0.3526282582714735,0.0,80.48179589340789,0.125,0.045003571199999995,0.024109055999999997,0,0,0,False,False,0.0,0.42942557752635613,futility
0.3,0.0,0.5,1037.3061407004004,991.2339196310165,0.04441525916184726,0.4380824809922311,0.733832804891267,0.8898558046498579,0.9821669807922251,91.0515873615634,112.41511454458248,0.38391885693303346,0.3526282582714735,0.0,81.99107433193751,0.125,0.045003571199999995,0.032145408,0,0,0,False,False,0.0,0.42942557752635613,futility
0.3,0.0,0.625,1037.3061407004004,932.4736800566347,0.10106221927210578,0.19778800489377535,1.093389913420919,1.2519328265610734,1.3360128500103858,131.16844762611237,112.41511454458248,0.3923335056338797,0.3526282582714735,0.0,130.67924848204783,0.25,0.12724992,0.11361600000000002,0,0,0,True,True,0.0,0.42942557752635613,niche
0.3,0.0,0.75,1037.3061407004004,865.9822190739824,0.16516235169565108,-0.06151704639660838,1.6223509993097631,1.7586394221308739,1.7971019378480453,186.36546457744163,112.41511454458248,0.40351755439562237,0.3526282582714735,0.0,161.39535602182622,0.25,0.20804,0.2229,0,0,0,True,True,0.0,0.42942557752635613,niche
0.3,0.0,0.875,1037.3061407004004,784.0315937026494,0.24416566822475116,-0.40192247638597234,2.5625187802118727,2.6361693030035065,2.5219393904944907,275.5834360383609,112.41511454458248,0.41861242201234217,0.3526282582714735,0.0,180.66230570086128,0.5,0.30066624,0.37583279999999997,0,0,0,True,True,0.0,0.42942557752635613,tipping
0.3,0.0,1.0,1037.3061407004004,777.8305188508641,0.2501437248547816,-0.5004050339227106,3.150654805593181,3.0830199145999195,2.72117442639178,312.61195425679796,112.41511454458248,0.4134782436679387,0.3526282582714735,0.0,172.93705098492924,0.5,0.280897792,0.40128255999999995,0,0,0,True,True,0.0,0.42942557752635613,tipping
0.3,0.075,0.0,1017.0757678973367,997.8138991685317,0.018938479646040757,0.9223178237291253,0.0,0.0,2.0633290123476273,104.07757113047789,108.00964448474681,0.40837097020088353,0.381233175895961,0.0,247.95737778560172,0.25,0.15749999999999997,0.0,2,2,0,False,False,0.0,0.42942557752635613,collapse
0.3,0.075,0.125,1017.0757678973367,997.8237803800383,0.01892876433099888,0.9223576741727573,0.0,0.0,1.9068530702153768,104.07944458402918,108.00964448474681,0.4083586462090676,0.381233175895961,0.0,247.95737778560172,0.25,0.15749999999999997,0.028125,2,2,0,False,False,0.0,0.42942557752635613,collapse
0.3,0.075,0.25,1017.0757678973367,971.8051033966025,0.04451061162761265,0.4113755338725761,0.48945109951767934,0.6752734572627578,1.0210118726812198,79.9324193033711,108.00964448474681,0.4159725950136929,0.381233175895961,0.0,76.90924707661435,0.125,0.045003571199999995,0.016072704,0,0,0,False,False,0.0,0.42942557752635613,futility
0.3,0.075,0.375,1017.0757678973367,970.4994798537418,0.04579431495048292,0.4059098048679949,0.611200370794274,0.7877159321870888,0.9934211379564752,83.25492094649377,108.00964448474681,0.41572888508166,0.381233175895961,0.0,78.3993548879321,0.125,0.045003571199999995,0.024109055999999997,0,0,0,False,False,0.0,0.42942557752635613,futility
0.3,0.075,0.5,1017.0757678973367,964.9785912058603,0.05122251294923692,0.3815256861492905,0.7571241995571648,0.9152865372349182,0.9989276474358777,89.24967082009594,108.00964448474681,0.415622983062895,0.381233175895961,0.0,84.23498846235336,0.125,0.0508755968,0.036339712,0,0,0,False,False,0.0,0.42942557752635613,strained
0.3,0.075,0.625,1017.0757678973367,877.0670622127393,0.13765808812262437,-0.04756336133394701,1.2285768959846333,1.3980842112964056,1.5281216948404548,145.04056764509136,108.00964448474681,0.4311543777459054,0.381233175895961,0.0,133.65177788034993,0.25,0.170128,0.1519,0,0,0,True,True,0.0,0.42942557752635613,niche
0.3,0.075,0.75,1017.0757678973367,789.1328088751369,0.22411600611962304,-0.3203176773537115,2.0041558393188588,2.1535802915315054,2.1580684554209677,216.9192896507274,108.00964448474681,0.4517916788287253,0.381233175895961,0.0,172.6425109137838,0.375,0.2838528,0.304128,0,0,0,True,True,0.0,0.42942557752635613,tipping
0.3,0.075,0.875,1017.0757678973367,766.1563663248496,0.24670669530474432,-0.5344782488241331,2.6528767046840698,2.699444130921118,2.492252356042261,264.5436092409228,108.00964448474681,0.44951953875647593,0.381233175895961,0.0,163.52098947297952,0.5,0.280897792,0.35112224000000003,0,0,0,True,True,0.0,0.42942557752635613,tipping
0.3,0.075,1.0,1017.0757678973367,749.6033737327185,0.26298177835617925,-0.6027238648990765,3.33125793523501,3.2184228073984746,2.792164866792338,312.1538950561695,108.00964448474681,0.4492504682545674,0.381233175895961,0.0,166.88613679653477,0.5,0.289768192,0.41395455999999997,0,0,0,True,True,0.0,0.42942557752635613,tipping
0.3,0.15,0.0,993.314283608963,972.2933073114336,0.021162462520074556,0.9131954531443134,0.0,0.0,2.1042092888643835,99.23892928846682,102.8352214215281,0.444410768988271,0.41481781511132726,0.0,242.16446095245416,0.25,0.15749999999999997,0.0,2,2,0,False,False,0.0,0.42942557752635613,collapse
0.3,0.15,0.125,993.314283608963,972.3113727166091,0.021144275521786562,0.913270052881634,0.0,0.0,1.9290620340668836,99.24235444513496,102.8352214215281,0.4443879705071955,0.41481781511132726,0.0,242.16446095245416,0.25,0.15749999999999997,0.028125,2,2,0,False,False,0.0,0.42942557752635613,collapse
0.3,0.15,0.25,993.314283608963,945.689753163173,0.04794507763721871,0.36115409998558534,0.48406440960091507,0.6702115266007196,1.0078976906200638,74.85996118062965,102.8352214215281,0.45327206059606434,0.41481781511132726,0.0,74.5477593966173,0.125,0.045003571199999995,0.016072704,0,0,0,False,False,0.0,0.42942557752635613,futility
0.3,0.15,0.375,993.314283608963,944.4627068624748,0.049180382838146734,0.35732645942245045,0.6104389423840348,0.7853124820438323,0.9777098314559909,78.15407021134482,102.8352214215281,0.4529599639264287,0.41481781511132726,0.0,76.01305120261674,0.125,0.045003571199999995,0.024109055999999997,0,0,0,False,False,0.0,0.42942557752635613,futility
0.3,0.15,0.5,993.314283608963,936.4194400397243,0.05727778660599268,0.3487570617212833,0.7767884144946138,0.9332316195963819,0.9986016076081109,85.47664015324193,102.8352214215281,0.45314279627207565,0.41481781511132726,0.0,87.36347102605973,0.125,0.055279616,0.03948544000000001,0,0,0,False,False,0.0,0.42942557752635613,strained
0.3,0.15,0.625,993.314283608963,836.558252068117,0.157811111878218,-0.006564827458481304,1.376902503687398,1.5514663245066052,1.5740999397112905,143.6597234360952,102.8352214215281,0.4764842175680294,0.41481781511132726,0.0,155.73366688824808,0.25,0.20384,0.18200000000000002,0,0,0,True,True,0.0,0.42942557752635613,niche
0.3,0.15,0.75,993.314283608963,744.2957349774902,0.2506946217734082,-0.5210157317796504,2.270877385624094,2.4088110127965767,2.2824899971671573,221.2797784017371,102.8352214215281,0.49729195115177627,0.41481781511132726,0.0,163.7185884593784,0.5,0.30066624,0.3221424,0,0,0,True,True,0.0,0.42942557752635613,tipping
0.3,0.15,0.875,993.314283608963,734.4249543739102,0.26063183979841925,-0.6535306033768882,2.837008972486647,2.842419370973722,2.5474382083875255,261.4677327559,102.8352214215281,0.4915666628497339,0.41481781511132726,0.0,156.56760673575775,0.5,0.289768192,0.36221024,0,0,0,True,True,0.0,0.42942557752635613,tipping
0.3,0.15,1.0,993.314283608963,715.4750934119729,0.2797092468936717,-0.737786032666176,3.5824431509241808,3.40059647348477,2.870857498885996,311.01241868637305,102.8352214215281,0.4918351428074512,0.41481781511132726,0.0,159.88112746580134,0.625,0.299086592,0.42726655999999996,0,0,0,True,True,0.0,0.42942557752635613,tipping
0.3,0.22499999999999998,0.0,965.0391901950213,941.9750139369127,0.023899730179297383,0.9019676823423016,0.0,0.0,2.1485974968926924,93.4906549646673,96.67789161417467,0.4872053613051424,0.4547557046102084,0.0,235.2711514853943,0.25,0.15749999999999997,0.0,2,2,0,False,False,0.0,0.42942557752635613,collapse
0.3,0.22499999999999998,0.125,965.0391901950213,933.2281061016148,0.03296351528167259,0.7459464659854405,0.35085705291528635,0.5305322914663528,1.4200937832951384,79.44574428792043,96.67789161417467,0.4900535415394978,0.4547557046102084,0.0,125.21409795300647,0.125,0.09924405119999999,0.017722152,1,1,0,False,False,0.0,0.42942557752635613,collapse
0.3,0.22499999999999998,0.25,965.0391901950213,914.6370929861247,0.05222803148410072,0.2980418142590292,0.4761229326571684,0.65950136579805,0.9860416155378722,68.82176650566497,96.67789161417467,0.49762201612488033,0.4547557046102084,0.0,71.80213612822727,0.125,0.045003571199999995,0.016072704,0,0,0,False,False,0.0,0.42942557752635613,strained
0.3,0.22499999999999998,0.375,965.0391901950213,913.5158736093522,0.05338986966452313,0.296465697988643,0.6085616554659975,0.7780746123922739,0.9532685176013246,72.081822805706,96.67789161417467,0.4972128526706021,0.4547557046102084,0.0,73.2349743834344,0.125,0.045003571199999995,0.024109055999999997,0,0,0,False,False,0.0,0.42942557752635613,strained
0.3,0.22499999999999998,0.5,965.0391901950213,902.2361383975633,0.06507823976015562,0.24050725398486084,0.7992954876877422,0.9492151092261727,1.0002273387713922,81.42703292159723,96.67789161417467,0.4973934545910304,0.4547557046102084,0.0,82.69078556308705,0.125,0.05953683456,0.04252631040000001,0,0,0,False,False,0.0,0.42942557752635613,strained
0.3,0.22499999999999998,0.625,965.0391901950213,740.259904653632,0.23292244276210633,-0.46793618354018984,1.8076636305863913,2.004444377884985,1.9168879722022472,167.12734495876143,96.67789161417467,0.5440559208105877,0.4547557046102084,0.0,153.12606097037133,0.375,0.2810528,0.25094,0,0,0,True,True,0.0,0.42942557752635613,tipping
0.3,0.22499999999999998,0.75,965.0391901950213,721.1806519533067,0.2526928861743264,-0.6728106267371292,2.4042874292064247,2.5005387600165854,2.250736499369001,209.2206848346803,96.67789161417467,0.5396360379230313,0.4547557046102084,0.0,145.77773140846705,0.5,0.280897792,0.30096192,0,0,0,True,True,0.0,0.42942557752635613,tipping
0.3,0.22499999999999998,0.875,965.0391901950213,696.2123293394352,0.27856574488053676,-0.8105723121360795,3.093757752965044,3.0298587168319817,2.604253072912888,257.083546718599,96.67789161417467,0.5419769800429811,0.4547557046102084,0.0,148.4761801854957,0.625,0.299086592,0.37385824,0,0,0,True,True,0.0,0.42942557752635613,tipping
0.3,0.22499999999999998,1.0,965.0391901950213,679.2224650614701,0.29617110687058373,-0.7901942281468397,4.067411926951585,3.7644257494000204,2.9558412995140495,308.7647445933899,96.67789161417467,0.5429003589749338,0.4547557046102084,0.0,159.6568241812627,0.625,0.315393792,0.45056255999999995,0,0,0,True,True,0.0,0.42942557752635613,tipping
0.3,0.3,0.0,931.1181527269977,905.6298634913448,0.027373850634320025,0.8877174762741634,0.0,0.0,2.194607433936145,86.5997032702536,89.29107198318344,0.5384686997337491,0.5026604170202162,0.0,227.0013924685938,0.25,0.15749999999999997,0.0,2,2,0,False,False,0.0,0.42942557752635613,collapse
0.3,0.3,0.125,931.1181527269977,896.6309845766964,0.037038444637017894,0.7143921369593929,0.3449182230244633,0.5241201653642167,1.4090470404376245,72.44807537165279,89.29107198318344,0.5419575002800926,0.5026604170202162,0.0,120.75006543289024,0.125,0.09924405119999999,0.017722152,1,1,0,False,False,0.0,0.42942557752635613,collapse
0.3,0.3,0.25,931.1181527269977,877.3630967525585,0.057731723752785735,0.2164699906381412,0.46387869049748887,0.6390156235519399,0.9497880009897847,61.56411795059395,89.29107198318344,0.550833151581418,0.5026604170202162,0.0,68.60625034415678,0.125,0.045003571199999995,0.016072704,0,0,0,False,False,0.0,0.42942557752635613,strained
0.3,0.3,0.375,931.1181527269977,876.3887370993837,0.058778164153846735,0.2181005645717643,0.6045660723418197,0.762392959582078,0.9149348545649805,64.7833054874272,89.29107198318344,0.5502816433999173,0.5026604170202162,0.0,69.99546635769016,0.125,0.045003571199999995,0.024109055999999997,0,0,0,False,False,0.0,0.42942557752635613,strained
0.3,0.3,0.5,931.1181527269977,773.4054707773976,0.16937988104699878,-0.3944906972179685,1.204873865402057,1.4019230300269268,1.457075163172143,111.81688937524996,89.29107198318344,0.5758411509196613,0.5026604170202162,0.0,113.0969767415727,0.25,0.188328,0.13452000000000003,0,0,0,True,True,0.0,0.42942557752635613,niche
0.3,0.3,0.625,931.1181527269977,682.9286153261085,0.2665499933322189,-0.7586568591078717,2.1357036131912555,2.3077296496008963,2.0090372997529267,166.01681943449506,89.29107198318344,0.6088507047186271,0.5026604170202162,0.0,141.12448151300552,0.5,0.30066624,0.268452,0,0,0,True,True,0.0,0.42942557752635613,tipping
0.3,0.3,0.75,931.1181527269977,670.3443319043502,0.2800652313123853,-0.9244526359923324,2.696152965997651,2.720358338380215,2.33182793227347,206.35877936263125,89.29107198318344,0.6020924134078173,0.5026604170202162,0.0,135.50545019684574,0.625,0.299086592,0.32044992,0,0,0,True,True,0.0,0.42942557752635613,tipping
0.3,0.3,0.875,931.1181527269977,653.0243660776198,0.29866648591794187,-0.9012042906734028,3.555110477612398,3.3653397982961577,2.650333775347529,249.99584341933027,89.29107198318344,0.6038664266166057,0.5026604170202162,0.0,146.27243795609024,0.625,0.315393792,0.39424224,0,0,0,True,True,0.0,0.42942557752635613,tipping
0.3,0.3,1.0,931.1181527269977,646.3240492788433,0.3058624757922162,-0.8815248800078097,4.443316935176599,3.962826624156962,2.933449763314967,293.68983267776605,89.29107198318344,0.5996381419664566,0.5026604170202162,0.0,151.3634533745694,0.625,0.315393792,0.45056255999999995,0,0,0,True,True,0.0,0.42942557752635613,tipping
0.3,0.375,0.0,890.0325639125763,861.5963409740557,0.03194964329565108,0.8689484125087515,0.0,0.0,2.2387127160957947,78.25105502195554,80.34406279187277,0.6005035913714802,0.5606391883621034,0.0,216.98495594660028,0.25,0.15749999999999997,0.0,2,2,0,False,False,0.0,0.42942557752635613,collapse
0.3,0.375,0.125,890.0325639125763,831.2142239751529,0.06608560441750402,0.10077219801138382,0.2849280015305489,0.43193813583293794,0.9335177999450526,49.47547526745072,80.34406279187277,0.6175121405607856,0.5606391883621034,0.0,65.40983253336734,0.125,0.04758405119999999,0.008497152000000001,0,0,0,False,False,0.0,0.42942557752635613,strained
0.3,0.375,0.25,890.0325639125763,830.5028495672818,0.06688487226085559,0.10868728961912,0.436336887046469,0.5914616610152718,0.8881648716684513,52.643252231538504,80.34406279187277,0.616626355153985,0.5606391883621034,0.0,66.78880896902719,0.125,0.04758405119999999,0.016994304000000002,0,0,0,False,False,0.0,0.42942557752635613,strained
0.3,0.375,0.375,890.0325639125763,776.201416978734,0.127895485569024,-0.28738806857530963,0.8150025561597918,1.0005511054438,0.9968615468124645,65.2391550444195,80.34406279187277,0.6409533905280452,0.5606391883621034,0.0,88.42022829978048,0.125,0.1335440512,0.071541456,0,0,0,False,False,0.0,0.42942557752635613,strained
0.3,0.375,0.5,890.0325639125763,643.2772927170678,0.27724296975244844,-0.9917534561742025,1.8348267099417852,2.0607257373561203,1.711367046180745,122.42547917044683,80.34406279187277,0.6849453328981535,0.5606391883621034,0.0,123.88846141102256,0.625,0.3022208,0.21587199999999998,0,0,0,True,True,0.0,0.42942557752635613,tipping
0.3,0.375,0.625,890.0325639125763,624.2035379288956,0.29867337079791595,-1.1254949486240213,2.494723458725773,2.5842610520449405,2.071720065799064,160.6833546722527,80.34406279187277,0.6825205289506133,0.5606391883621034,0.0,125.0668820247115,0.625,0.315393792,0.2816016,0,0,0,True,True,0.0,0.42942557752635613,tipping
0.3,0.375,0.75,890.0325639125763,618.7273667482273,0.30482614700263716,-1.0743162840631442,3.179168662898899,3.058144905800047,2.336046937424515,195.11509186133415,80.34406279187277,0.6772197535984769,0.5606391883621034,0.0,130.79258898402892,0.625,0.315393792,0.33792192,0,0,0,True,True,0.0,0.42942557752635613,tipping
0.3,0.375,0.875,890.0325639125763,587.2434772695206,0.3402000094378539,-1.1087194440869141,4.434494737751031,3.9839728318118217,2.812838934296101,251.55122095891554,80.34406279187277,0.6840302221696677,0.5606391883621034,0.0,143.58908080072496,0.625,0.34826623999999995,0.4353328,0,0,0,True,True,0.0,0.42942557752635613,tipping
0.3,0.375,1.0,890.0325639125763,582.421698347687,0.34561754034328174,-1.0566297280395833,5.606304319426402,4.727776096682049,3.1629286004799173,301.3442750586048,80.34406279187277,0.6773433043221595,0.5606391883621034,0.0,149.57036814697295,0.625,0.34826623999999995,0.4975232,0,0,0,True,True,0.0,0.42942557752635613,tipping
0.3,0.44999999999999996,0.0,839.902885347009,808.5846642103131,0.037287907546307175,0.8470518298764351,0.0,0.0,2.2739068688265607,68.20017067176094,69.42756608765254,0.6753008374023121,0.6313429063406117,0.0,204.7636209795404,0.25,0.15749999999999997,0.0,2,2,0,False,False,0.0,0.42942557752635613,collapse
0.3,0.44999999999999996,0.125,839.902885347009,776.6176000221554,0.07534833661002015,-0.041033104903190676,0.23593411217889806,0.35113345048700545,0.8346751482149808,38.93749036020821,69.42756608765254,0.6955287646428726,0.6313429063406117,0.0,60.79084807849478,0.125,0.04758405119999999,0.008497152000000001,0,0,0,False,False,0.0,0.42942557752635613,strained
0.3,0.44999999999999996,0.25,839.902885347009,776.1913393481765,0.07585584846813556,-0.02607576463034511,0.4059751062417163,0.5303249866814925,0.791273580993517,42.05483377139702,69.42756608765254,0.6943356033978422,0.6313429063406117,0.0,62.09243819513203,0.125,0.04758405119999999,0.016994304000000002,0,0,0,False,False,0.0,0.42942557752635613,strained
0.3,0.44999999999999996,0.375,839.902885347009,576.956529056438,0.31306757111797967,-1.501149314103925,1.7139328813995565,1.999513063238302,1.345771484275966,80.08899190422687,69.42756608765254,0.7896747572810786,0.6313429063406117,0.0,105.13021146231554,0.625,0.3174528,0.170064,0,0,0,True,True,0.0,0.42942557752635613,tipping
0.3,0.44999999999999996,0.5,839.902885347009,575.4284180787331,0.3148869611979096,-1.4650113562869005,2.271340971790812,2.3979913364739067,1.718825982163675,113.03126179958747,69.42756608765254,0.7744332079800449,0.6313429063406117,0.0,107.2913788383756,0.625,0.319313792,0.22808127999999997,0,0,0,True,True,0.0,0.42942557752635613,tipping
0.3,0.44999999999999996,0.625,839.902885347009,546.0504820976881,0.34986473838331283,-1.5031422157389045,3.2632127629022443,3.1504728813864515,2.096562634700303,150.76808798969168,69.42756608765254,0.783444282082729,0.6313429063406117,0.0,117.39341113008969,0.625,0.34826623999999995,0.310952,0,0,0,True,True,0.0,0.42942557752635613,tipping
0.3,0.44999999999999996,0.75,839.902885347009,543.3054800417322,0.3531329758234329,-1.3837082541088837,4.1492524495508905,3.6942950961322243,2.41559699386793,188.36260874149198,69.42756608765254,0.7746262973240656,0.6313429063406117,0.0,124.42689024297385,0.625,0.34826623999999995,0.3731424,0,0,0,True,True,0.0,0.42942557752635613,tipping
0.3,0.44999999999999996,0.875,839.902885347009,540.1951757781376,0.35683614712794576,-1.2870205564909258,5.225164977062989,4.320736942550726,2.745661023596969,230.5265974907992,69.42756608765254,0.7663511847848713,0.6313429063406117,0.0,131.0472303006869,0.625,0.34826623999999995,0.4353328,0,0,0,True,True,0.0,0.42942557752635613,tipping
0.3,0.44999999999999996,1.0,839.902885347009,536.7344255544009,0.3609565642429636,-1.2084115622754266,6.577842868546637,5.082373867624848,3.102970328455746,278.8216216909418,69.42756608765254,0.7585959594550398,0.6313429063406117,0.0,137.27896782076252,0.625,0.34826623999999995,0.4975232,0,0,0,True,True,0.0,0.42942557752635613,tipping
0.3,0.525,0.0,779.7389560434419,745.6698245091093,0.043692996573117926,0.8207793273255044,0.0,0.0,2.2915289868004978,56.271670832640126,56.32595931999104,0.7643629163396684,0.7164362017481107,0.0,190.09599186255554,0.25,0.15749999999999997,0.0,2,2,0,False,False,0.0,0.42942557752635613,collapse
0.3,0.525,0.125,779.7389560434419,712.117384772896,0.08672334599475687,-0.22011567579054714,0.14844379591106371,0.21071882342685452,0.6670104608817355,26.46671013138735,56.32595931999104,0.7881295123206299,0.7164362017481107,0.0,55.422262505341564,0.125,0.04758405119999999,0.008497152000000001,0,0,0,False,False,0.0,0.42942557752635613,strained
0.3,0.525,0.25,779.7389560434419,533.9837850245949,0.3151762126466786,-1.9790138320737318,1.4096903936707472,1.7104915785869412,0.7984900977563313,37.06644470082491,56.32595931999104,0.8878606316995165,0.7164362017481107,0.0,82.49547832672314,0.5,0.288568,0.10306000000000001,0,0,0,True,True,0.0,0.42942557752635613,tipping
0.3,0.525,0.375,779.7389560434419,494.4051459915404,0.36593504510758934,-2.298459915514037,2.3343344665490537,2.4812727936309695,1.2925904457463464,68.49487973363462,56.32595931999104,0.8958731526124653,0.7164362017481107,0.0,86.50516221520755,0.625,0.34826623999999995,0.1865712,0,0,0,True,True,0.0,0.42942557752635613,tipping
0.3,0.525,0.5,779.7389560434419,492.93605916516015,0.3678191203035173,-2.0274217493638504,3.1605474319960947,2.9963735180648277,1.64856647442702,97.94480888460254,56.32595931999104,0.8864392861849159,0.7164362017481107,0.0,94.735032189865,0.625,0.34826623999999995,0.2487616,0,0,0,True,True,0.0,0.42942557752635613,tipping
0.3,0.525,0.625,779.7389560434419,491.236100125154,0.3699992846095719,-1.8149985045029773,4.093778899357146,3.5094774096487407,1.9805249809997822,130.12802961807492,56.32595931999104,0.8773575611890349,0.7164362017481107,0.0,102.48774749144198,0.625,0.34826623999999995,0.310952,0,0,0,True,True,0.0,0.42942557752635613,tipping
0.3,0.525,0.75,779.7389560434419,489.3053928866122,0.372475378978819,-1.6455481520608495,5.184194510972728,4.062535614331165,2.3065015628534518,165.78546701906822,56.32595931999104,0.868610258142475,0.7164362017481107,0.0,109.78199846054042,0.625,0.34826623999999995,0.3731424,0,0,0,True,True,0.0,0.42942557752635613,tipping
0.3,0.525,0.875,779.7389560434419,487.1270551310097,0.3752690546554273,-1.50870051021559,6.504273111126988,4.700458592460047,2.64274017193969,205.9783624505063,56.32595931999104,0.8602089003568585,0.7164362017481107,0.0,116.63883342028981,0.625,0.34826623999999995,0.4353328,0,0,0,True,True,0.0,0.42942557752635613,tipping
0.3,0.525,1.0,779.7389560434419,484.7174250971327,0.3783593581668793,-1.3970192061577191,8.160476851854655,5.479065462706595,3.0069692466279827,252.25897775820263,56.32595931999104,0.8521523248815587,0.7164362017481107,0.0,123.07850107684843,0.625,0.34826623999999995,0.4975232,0,0,0,True,True,0.0,0.42942557752635613,tipping
0.3,0.6,0.0,709.0803547324301,674.7439305531656,0.04842388306219727,0.8013740970730857,0.0,0.0,2.294444407944681,42.824294686392264,40.938978784546535,0.8650351745523613,0.8167807315315618,0.0,172.86982046797226,0.25,0.15749999999999997,0.0,2,2,0,False,False,0.0,0.42942557752635613,collapse
0.3,0.6,0.125,709.0803547324301,575.4532227801571,0.18845132439566298,-2.6032051709593502,0.8184791148160904,1.0430691621058357,0.8039339237897999,22.59747472277816,40.938978784546535,0.9287945757808832,0.8167807315315618,0.0,37.08562949156039,0.25,0.151180064,0.02699644,1,0,1,False,False,0.0,0.42942557752635613,strained
0.3,0.6,0.25,709.0803547324301,466.1198904097839,0.3426416522487452,-2.952731810947277,2.1383077746470156,2.237760069560676,0.7385660368299988,28.892361002982476,40.938978784546535,0.9674033746469386,0.8167807315315618,0.0,61.466468240965845,0.5,0.32746,0.11695,0,0,0,True,True,0.0,0.42942557752635613,tipping
0.3,0.6,0.375,709.0803547324301,453.1758830780873,0.3608962932711735,-2.6889934830043862,3.2382371785224917,2.8880368281673907,1.2100483534543216,55.545087815839864,40.938978784546535,0.9651005609539589,0.8167807315315618,0.0,69.36972722595578,0.625,0.34826623999999995,0.1865712,0,0,0,True,True,0.0,0.42942557752635613,tipping
0.3,0.6,0.5,709.0803547324301,449.98031214896383,0.36540293473683544,-2.3315288429091026,4.375656313051402,3.4122022264064125,1.5755845083037796,82.7155473606592,40.938978784546535,0.9597129482525663,0.8167807315315618,0.0,77.77211448579843,0.625,0.34826623999999995,0.2487616,0,0,0,True,True,0.0,0.42942557752635613,tipping
0.3,0.6,0.625,709.0803547324301,446.89743466780214,0.36975064717955997,-2.059280303399158,5.655673145132387,3.9288899946483395,1.9091692606274582,112.51122979762329,40.938978784546535,0.9541922688872106,0.8167807315315618,0.0,85.70084924003768,0.625,0.34826623999999995,0.310952,0,0,0,True,True,0.0,0.42942557752635613,tipping
0.3,0.6,0.75,709.0803547324301,443.8822540747991,0.37400288823077454,-1.8464252648008666,7.146068359106491,4.485867646090515,2.2336265351886633,145.6693814159902,40.938978784546535,0.948562558230808,0.8167807315315618,0.0,93.16882615436737,0.625,0.34826623999999995,0.3731424,0,0,0,True,True,0.0,0.42942557752635613,tipping
0.3,0.6,0.875,709.0803547324301,440.878725693437,0.37823869643123653,-1.6768919559804787,8.945104093446924,5.1315618598231545,2.5677424753505997,183.24169503578435,40.938978784546535,0.9429037018719896,0.8167807315315618,0.0,100.19142851088944,0.625,0.34826623999999995,0.4353328,0,0,0,True,True,0.0,0.42942557752635613,tipping
0.3,0.6,1.0,709.0803547324301,437.88272140278207,0.38246389357660865,-1.5396890897238213,11.197456698552385,5.924909877147988,2.930994194389302,226.77209183778174,40.938978784546535,0.9372452833261455,0.8167807315315618,0.0,106.78379271973778,0.625,0.34826623999999995,0.4975232,0,0,0,True,True,0.0,0.42942557752635613,tipping
0.6,0.0,0.0,1037.3061407004004,1001.8216350782192,0.0342083250352897,0.8596837135298611,0.0,0.0,2.3577943229961744,77.78824391665846,112.41511454458248,0.4026499161588699,0.3526282582714735,0.0,252.88942940870078,0.25,0.15749999999999997,0.0,2,2,0,False,False,0.0,0.42942557752635613,collapse
0.6,0.0,0.125,1037.3061407004004,1001.8273435537994,0.034202821861871284,0.859706286539708,0.0,0.0,2.0619314868628478,77.7891721008359,112.41511454458248,0.40264290704454686,0.3526282582714735,0.0,252.88942940870078,0.25,0.15749999999999997,0.028125,2,2,0,False,False,0.0,0.42942557752635613,collapse
0.6,0.0,0.25,1037.3061407004004,976.4172909913491,0.05869901596064833,0.2505104615934698,0.3716129188984743,0.7379510907493492,0.9926206375546719,56.19157850777005,112.41511454458248,0.40935575975438193,0.3526282582714735,0.0,81.24042643544497,0.125,0.045003571199999995,0.016072704,0,0,0,False,False,0.0,0.42942557752635613,strained
0.6,0.0,0.375,1037.3061407004004,965.0396121042118,0.0696675029296496,0.2099067639358958,0.5522320922254563,0.986487362801646,1.049470096506788,66.04271078539293,112.41511454458248,0.4096987982490498,0.3526282582714735,0.0,91.46582364910326,0.125,0.05953683456,0.0318947328,0,0,0,False,False,0.0,0.42942557752635613,strained
0.6,0.0,0.5,1037.3061407004004,843.4037657142003,0.1869287834884262,-0.12937077616539283,1.099898459001391,1.7848223205394635,1.9648576967593934,136.11732787522675,112.41511454458248,0.44041545959318396,0.3526282582714735,0.0,171.69062550437707,0.25,0.24745279999999997,0.17675200000000002,0,0,0,True,True,0.0,0.42942557752635613,niche
0.6,0.0,0.625,1037.3061407004004,817.1430341262388,0.21224506241282354,-0.6967238002906979,1.6254807868423504,2.4151724761942015,2.4551052977204684,185.74987088384836,112.41511454458248,0.434259481173588,0.3526282582714735,0.0,129.75777585983133,0.375,0.23162585599999996,0.20680880000000001,0,0,0,True,True,0.0,0.42942557752635613,tipping
0.6,0.0,0.75,1037.3061407004004,779.927555653464,0.24812210681906463,-0.5682644480586365,2.3162042908874203,3.172189862377162,2.9212657354818505,239.78027891236675,112.41511454458248,0.44288365136173846,0.3526282582714735,0.0,164.11682695832764,0.5,0.280897792,0.30096192,0,0,0,True,True,0.0,0.42942557752635613,tipping
0.6,0.0,0.875,1037.3061407004004,752.9785640748653,0.27410189284482017,-0.710814862211171,3.0067076198241605,3.8175258856893057,3.3759091513107076,298.89914024386337,112.41511454458248,0.44526845811568894,0.3526282582714735,0.0,166.19424047909618,0.625,0.299086592,0.37385824,0,0,0,True,True,0.0,0.42942557752635613,tipping
0.6,0.0,1.0,1037.3061407004004,743.6814388478056,0.2830646521135373,-0.7211682706838649,3.7338433021526565,4.417389406835578,3.6642581328218937,348.1778750251826,112.41511454458248,0.44312351233365593,0.3526282582714735,0.0,170.5961624170135,0.625,0.299086592,0.42726655999999996,0,0,0,True,True,0.0,0.42942557752635613,tipping
0.6,0.075,0.0,1017.0757678973367,978.7051129554428,0.03772644689118878,0.8452530217710585,0.0,0.0,2.436830542033571,74.02955391787677,108.00964448474681,0.4353050379875329,0.381233175895961,0.0,247.95737778560172,0.25,0.15749999999999997,0.0,2,2,0,False,False,0.0,0.42942557752635613,collapse
0.6,0.075,0.125,1017.0757678973367,978.715538433931,0.03771619644690799,0.8452950672168577,0.0,0.0,2.099817737005983,74.03124907519832,108.00964448474681,0.4352920456139149,0.381233175895961,0.0,247.95737778560172,0.25,0.15749999999999997,0.028125,2,2,0,False,False,0.0,0.42942557752635613,collapse
0.6,0.075,0.25,1017.0757678973367,952.8510840372869,0.06314641041229943,0.19104451946794732,0.3634159144181047,0.7339739779617563,0.9766497591988839,52.23055765144687,108.00964448474681,0.4430249791826471,0.381233175895961,0.0,79.39211168680016,0.125,0.045003571199999995,0.016072704,0,0,0,False,False,0.0,0.42942557752635613,strained
0.6,0.075,0.375,1017.0757678973367,937.7844960770567,0.07796004420025045,0.16897203936649452,0.5671600720193394,1.0220182643800544,1.0662671732566176,63.910993310212746,108.00964448474681,0.44397986190325756,0.381233175895961,0.0,95.41348254977494,0.125,0.0661061632,0.035414016,0,0,0,False,False,0.0,0.42942557752635613,strained
0.6,0.075,0.5,1017.0757678973367,771.278614911535,0.241670444566734,-0.6132955178752133,1.3577371624933194,2.2084996672767185,2.3524735106136916,156.2088537190338,108.00964448474681,0.48866174016513575,0.381233175895961,0.0,152.35717837332632,0.5,0.28901824,0.2064416,0,0,0,True,True,0.0,0.42942557752635613,tipping
0.6,0.075,0.625,1017.0757678973367,765.9758691130249,0.24688416213418007,-0.6281120010799441,1.8921342940610408,2.80422262910959,2.6627807535217354,194.06061947912102,108.00964448474681,0.4815671588418265,0.381233175895961,0.0,154.22765670774157,0.5,0.280897792,0.25080160000000007,0,0,0,True,True,0.0,0.42942557752635613,tipping
0.6,0.075,0.75,1017.0757678973367,757.818024432984,0.25490504409551734,-0.6321307288967295,2.434413726436263,3.3126732587346455,2.9217297902103345,231.90941025190955,108.00964448474681,0.4792214740786202,0.381233175895961,0.0,158.8461873024124,0.5,0.280897792,0.30096192,0,0,0,True,True,0.0,0.42942557752635613,tipping
0.6,0.075,0.875,1017.0757678973367,731.5986159457926,0.28068425279832254,-0.7713969785391224,3.149372593189493,3.9606556031911846,3.374638633025015,289.83229399296283,108.00964448474681,0.4816057350914967,0.381233175895961,0.0,161.15933097445958,0.625,0.299086592,0.37385824,0,0,0,True,True,0.0,0.42942557752635613,tipping
0.6,0.075,1.0,1017.0757678973367,714.3610448509071,0.29763242090827746,-0.7543521225441554,4.135583509597918,4.834159545755201,3.7943721503411125,350.6051377159854,108.00964448474681,0.4824030137176075,0.381233175895961,0.0,172.55072066572006,0.625,0.315393792,0.45056255999999995,0,0,0,True,True,0.0,0.42942557752635613,tipping
0.6,0.15,0.0,993.314283608963,951.5662495578551,0.042029028213937156,0.8276046208972647,0.0,0.0,2.5337984291901106,69.6168410586915,102.8352214215281,0.4736154729039756,0.41481781511132726,0.0,242.16446095245416,0.25,0.15749999999999997,0.0,2,2,0,False,False,0.0,0.42942557752635613,collapse
0.6,0.15,0.125,993.314283608963,951.5850513488816,0.042010099873394054,0.8276822614847915,0.0,0.0,2.1416814113747313,69.61989818395953,102.8352214215281,0.4735917877534723,0.41481781511132726,0.0,242.16446095245416,0.25,0.15749999999999997,0.028125,2,2,0,False,False,0.0,0.42942557752635613,collapse
0.6,0.15,0.25,993.314283608963,925.1579174926842,0.06861510726358373,0.11804081925901844,0.352278180641709,0.7246277188204489,0.9515152908528574,47.56948626213915,102.8352214215281,0.4825793480175177,0.41481781511132726,0.0,77.27836798412483,0.125,0.045003571199999995,0.016072704,0,0,0,False,False,0.0,0.42942557752635613,strained
0.6,0.15,0.375,993.314283608963,841.0906311866083,0.15324822660285073,-0.23935762794617488,0.7572877715124328,1.3757855769114,1.5463404880027873,87.53005604286247,102.8352214215281,0.5021365391792255,0.41481781511132726,0.0,122.82463833672854,0.25,0.170128,0.09114,0,0,0,False,False,0.0,0.42942557752635613,strained
0.6,0.15,0.5,993.314283608963,761.4430052696082,0.2334319380739272,-0.8639541535307624,1.4034489341791354,2.2838328652654196,2.3255010518348747,146.95715120761204,102.8352214215281,0.5198299270677942,0.41481781511132726,0.0,124.39752227818305,0.5,0.25425881599999994,0.18161344,0,0,0,True,True,0.0,0.42942557752635613,tipping
0.6,0.15,0.625,993.314283608963,739.6305217371473,0.25539123523938284,-0.7140597597902254,2.011477434662334,2.964627677188674,2.6588137196285255,185.51319482690008,102.8352214215281,0.5244191420836615,0.41481781511132726,0.0,148.00170205434534,0.5,0.280897792,0.25080160000000007,0,0,0,True,True,0.0,0.42942557752635613,tipping
0.6,0.15,0.75,993.314283608963,714.9622086694567,0.280225583717756,-0.8480183464666793,2.656315409452221,3.577916435081037,3.087552406229624,235.72501598690656,102.8352214215281,0.5268464135633208,0.41481781511132726,0.0,150.62192183952172,0.625,0.299086592,0.32044992,0,0,0,True,True,0.0,0.42942557752635613,tipping
0.6,0.15,0.875,993.314283608963,697.4388049351647,0.29786693250680696,-0.8295397484790035,3.4961405909573045,4.3360988715767235,3.4702054281328905,287.7310857765484,102.8352214215281,0.5283259022398653,0.41481781511132726,0.0,161.721262913132,0.625,0.315393792,0.39424224,0,0,0,True,True,0.0,0.42942557752635613,tipping
0.6,0.15,1.0,993.314283608963,665.091339441292,0.3304321196058449,-0.8674412889011216,4.851928044854683,5.576959995480358,4.154393886161374,371.677593291092,102.8352214215281,0.5323331613549135,0.41481781511132726,0.0,175.76078354828,0.625,0.34826623999999995,0.4975232,0,0,0,True,True,0.0,0.42942557752635613,tipping
0.6,0.22499999999999998,0.0,965.0391901950213,919.4493437878209,0.047241445601797084,0.8062242390562251,0.0,0.0,2.654615315937105,64.39471067642695,96.67789161417467,0.5189354498319925,0.4547557046102084,0.0,235.2711514853943,0.25,0.15749999999999997,0.0,2,2,0,False,False,0.0,0.42942557752635613,collapse
0.6,0.22499999999999998,0.125,965.0391901950213,910.8257887341792,0.056177409178466926,0.5749225111759666,0.22946568273203014,0.564832150588446,1.484632242685165,51.02140895082919,96.67789161417467,0.5218014003583393,0.4547557046102084,0.0,127.53769109444525,0.125,0.09924405119999999,0.017722152,1,1,0,False,False,0.0,0.42942557752635613,collapse
0.6,0.22499999999999998,0.25,965.0391901950213,892.3195032324084,0.07535412831049619,0.028114582417636536,0.3367256051699334,0.7058864708079884,0.9114383433452664,42.033518934541945,96.67789161417467,0.5294743626232006,0.4547557046102084,0.0,74.823313167419,0.125,0.045003571199999995,0.016072704,0,0,0,False,False,0.0,0.42942557752635613,strained
0.6,0.22499999999999998,0.375,965.0391901950213,727.8804994712707,0.24575032095414082,-0.6844048453396141,1.109930415441363,2.0288292130921493,1.9324034939274088,102.20573071233136,96.67789161417467,0.5860824855766792,0.4547557046102084,0.0,140.7967279243572,0.375,0.2810528,0.150564,0,0,0,True,True,0.0,0.42942557752635613,tipping
0.6,0.22499999999999998,0.5,965.0391901950213,708.9750862545166,0.2653406271394612,-0.899398268223069,1.648440215212826,2.6733472128926343,2.429749206301919,144.8459819010592,96.67789161417467,0.5803779702991544,0.4547557046102084,0.0,134.81327651207067,0.5,0.289768192,0.20697727999999999,0,0,0,True,True,0.0,0.42942557752635613,tipping
0.6,0.22499999999999998,0.625,965.0391901950213,692.7094743496385,0.28219549901424074,-0.9630517732294255,2.2276777089616964,3.2483293305437195,2.7904236528984554,185.00762189204292,96.67789161417467,0.5803646763769922,0.4547557046102084,0.0,138.72772973143339,0.625,0.299086592,0.26704160000000005,0,0,0,True,True,0.0,0.42942557752635613,tipping
0.6,0.22499999999999998,0.75,965.0391901950213,658.7931279855229,0.3173405446338508,-1.021118338706303,3.10005867699117,4.10795746190559,3.315096723401828,241.86183920006548,96.67789161417467,0.5883046712521981,0.4547557046102084,0.0,151.5230733127301,0.625,0.33294464,0.3567264,0,0,0,True,True,0.0,0.42942557752635613,tipping
0.6,0.22499999999999998,0.875,965.0391901950213,642.4990202220396,0.3342249446965991,-0.9815257816416543,4.129509799285489,5.01641517087794,3.7555420046713177,298.88548379355393,96.67789161417467,0.5884264180280105,0.4547557046102084,0.0,162.7736428974261,0.625,0.34826623999999995,0.4353328,0,0,0,True,True,0.0,0.42942557752635613,tipping
0.6,0.22499999999999998,1.0,965.0391901950213,635.9130065690006,0.3410495521529119,-0.9545646806795698,5.24715179941034,5.886763287710968,4.149299989184506,357.5601091578656,96.67789161417467,0.5832201445145364,0.4547557046102084,0.0,168.3884840851565,0.625,0.34826623999999995,0.4975232,0,0,0,True,True,0.0,0.42942557752635613,tipping
0.6,0.3,0.0,931.1181527269977,881.1131398682896,0.053704261604455496,0.7797149510189619,0.0,0.0,2.812137246847858,58.16133761544971,89.29107198318344,0.5729657569283056,0.5026604170202162,0.0,227.0013924685938,0.25,0.15749999999999997,0.0,2,2,0,False,False,0.0,0.42942557752635613,collapse
0.6,0.3,0.125,931.1181527269977,867.3654115408906,0.06846901330340541,0.48511176877015105,0.2096944028574263,0.5387245497363155,1.4412261863330784,43.82968061650669,89.29107198318344,0.5827908399860025,0.5026604170202162,0.0,123.81860240586369,0.125,0.06774405119999999,0.012097152,1,1,0,False,False,0.0,0.42942557752635613,collapse
0.6,0.3,0.25,931.1181527269977,851.4852871345672,0.08552391053617303,-0.0768174112451745,0.31065440484752044,0.6634510523123849,0.8465301445979967,35.39313995136884,89.29107198318344,0.5866644178549733,0.5026604170202162,0.0,73.95205980217875,0.125,0.04758405119999999,0.016994304000000002,0,0,0,False,False,0.0,0.42942557752635613,strained
0.6,0.3,0.375,931.1181527269977,670.2374575203403,0.2801800120023513,-1.178104169318038,1.309657355909298,2.3982048295063816,2.1351866071627335,104.11547551271157,89.29107198318344,0.6482273323647499,0.5026604170202162,0.0,119.77420496299717,0.625,0.299086592,0.16022496,0,0,0,True,True,0.0,0.42942557752635613,tipping
0.6,0.3,0.5,931.1181527269977,650.8665907847721,0.3009838881579563,-1.1663165145021823,1.9339162115584803,3.104044786751645,2.5006686518380272,139.11496855727455,89.29107198318344,0.6528723911893753,0.5026604170202162,0.0,129.36778170046267,0.625,0.315393792,0.22528127999999997,0,0,0,True,True,0.0,0.42942557752635613,tipping
0.6,0.3,0.625,931.1181527269977,617.5110415168451,0.3368069995109435,-1.2221521409743343,2.80265728871497,4.008307955329277,3.00607628933591,187.67954826284407,89.29107198318344,0.6624684521021901,0.5026604170202162,0.0,141.12765072541208,0.625,0.34826623999999995,0.310952,0,0,0,True,True,0.0,0.42942557752635613,tipping
0.6,0.3,0.75,931.1181527269977,612.4239366461211,0.3422704359779754,-1.158120114623323,3.597969670620767,4.644113454462067,3.3652514329158483,232.7985291015612,89.29107198318344,0.6557998729820205,0.5026604170202162,0.0,147.6721401748768,0.625,0.34826623999999995,0.3731424,0,0,0,True,True,0.0,0.42942557752635613,tipping
0.6,0.3,0.875,931.1181527269977,607.0835052606662,0.3480059394367085,-1.1060045910218208,4.563016172611627,5.370522768117361,3.732599451000313,283.17497491002115,89.29107198318344,0.6495097252349364,0.5026604170202162,0.0,153.8622702190368,0.625,0.34826623999999995,0.4353328,0,0,0,True,True,0.0,0.42942557752635613,tipping
0.6,0.3,1.0,931.1181527269977,601.5182609712392,0.35398288690908664,-1.063621743745712,5.774685065185871,6.250805157312639,4.129051776571075,340.6047560211431,89.29107198318344,0.6435475211558005,0.5026604170202162,0.0,159.71914075565832,0.625,0.34826623999999995,0.4975232,0,0,0,True,True,0.0,0.42942557752635613,tipping
0.6,0.375,0.0,890.0325639125763,835.0477441543799,0.06177843596697582,0.74659616599536,0.0,0.0,3.027612552624858,50.671216859386845,80.34406279187277,0.6378836840573622,0.5606391883621034,0.0,216.98495594660028,0.25,0.15749999999999997,0.0,2,2,0,False,False,0.0,0.42942557752635613,collapse
0.6,0.375,0.125,890.0325639125763,819.7891450753668,0.07892230204299483,0.40893332640071156,0.1872318734670378,0.5055708724159689,1.3824829284817017,35.993108645131926,80.34406279187277,0.650174896700237,0.5606391883621034,0.0,118.84178549513472,0.125,0.06774405119999999,0.012097152,1,1,0,False,False,0.0,0.42942557752635613,collapse
0.6,0.375,0.25,890.0325639125763,609.2291687978466,0.31549788906635073,-1.5405980254428218,1.0646571664825175,2.309991006129043,1.5367180221197927,56.9046119983994,80.34406279187277,0.7498848788703473,0.5606391883621034,0.0,110.52649506243168,0.625,0.3174528,0.113376,0,0,0,True,True,0.0,0.42942557752635613,tipping
0.6,0.375,0.375,890.0325639125763,580.1568905716709,0.3481621750767121,-1.6940500647666017,1.7749217485686977,3.2286859653182116,2.162910989671827,95.53133381876978,80.34406279187277,0.7534746723270129,0.5606391883621034,0.0,115.02224008140374,0.625,0.34826623999999995,0.1865712,0,0,0,True,True,0.0,0.42942557752635613,tipping
0.6,0.375,0.5,890.0325639125763,577.0820784901632,0.3516168937085685,-1.549537366259678,2.4460030017865972,3.839090784782613,2.5809446711748856,132.11772509280345,80.34406279187277,0.7446649469542512,0.5606391883621034,0.0,122.74795010419083,0.625,0.34826623999999995,0.2487616,0,0,0,True,True,0.0,0.42942557752635613,tipping
0.6,0.375,0.625,890.0325639125763,573.6241580220732,0.35550205545241426,-1.433327244249604,3.205324211537696,4.431539832557323,2.9569067022706577,171.8338487264437,80.34406279187277,0.7364180408054618,0.5606391883621034,0.0,130.03117712105262,0.625,0.34826623999999995,0.310952,0,0,0,True,True,0.0,0.42942557752635613,tipping
0.6,0.375,0.75,890.0325639125763,569.8212088147809,0.3597748757530272,-1.339055268077479,4.093026517576114,5.0632554481522885,3.3185211200025213,215.5326629258668,80.34406279187277,0.7286961192355388,0.5606391883621034,0.0,136.89772938156528,0.625,0.34826623999999995,0.3731424,0,0,0,True,True,0.0,0.42942557752635613,tipping
0.6,0.375,0.875,890.0325639125763,565.6959980213153,0.36440977447553147,-1.2621949551329479,5.167069540483139,5.789940890950923,3.6880152498431444,264.4336220267304,80.34406279187277,0.7214498226475385,0.5606391883621034,0.0,143.37250870237216,0.625,0.34826623999999995,0.4353328,0,0,0,True,True,0.0,0.42942557752635613,tipping
0.6,0.375,1.0,890.0325639125763,561.2730767671276,0.3693791670949932,-1.1993689080249963,6.512672083197535,6.677243813628177,4.087607271018422,320.3206443738421,80.34406279187277,0.714662358752116,0.5606391883621034,0.0,149.47901006778818,0.625,0.34826623999999995,0.4975232,0,0,0,True,True,0.0,0.42942557752635613,tipping
0.6,0.44999999999999996,0.0,839.902885347009,780.3033067338508,0.07096008318692036,0.7089347300655848,0.0,0.0,3.3672810189366174,41.76990513400696,69.42756608765254,0.7151986435300944,0.6313429063406117,0.0,204.7636209795404,0.25,0.15749999999999997,0.0,2,2,0,False,False,0.0,0.42942557752635613,collapse
0.6,0.44999999999999996,0.125,839.902885347009,679.0694397544114,0.19149052634358874,-1.1499976821519722,0.2429842590721759,0.6954218901655443,0.5916946558685376,14.353551451779358,69.42756608765254,0.7778863332745886,0.6313429063406117,0.0,74.80633441037781,0.25,0.14488006399999998,0.02587144,0,0,0,False,False,0.0,0.42942557752635613,strained
0.6,0.44999999999999996,0.25,839.902885347009,527.9593389083471,0.371404303855655,-2.356355464784674,1.408060366154081,3.0767712167648087,1.5039024930055873,47.7834705735064,69.42756608765254,0.8523603707224824,0.6313429063406117,0.0,92.941152899809,0.625,0.34826623999999995,0.1243808,0,0,0,True,True,0.0,0.42942557752635613,tipping
0.6,0.44999999999999996,0.375,839.902885347009,526.5388636673055,0.37309554133777745,-2.0870909259952053,2.1258868500358927,3.773960184851341,2.048805828037114,80.12638932025595,69.42756608765254,0.8421828679861199,0.6313429063406117,0.0,101.50786912072647,0.625,0.34826623999999995,0.1865712,0,0,0,True,True,0.0,0.42942557752635613,tipping
0.6,0.44999999999999996,0.5,839.902885347009,524.8206435250228,0.3751412780202664,-1.8753624127872524,2.9101282021715478,4.364690686761309,2.4844693887882503,115.0069908979235,69.42756608765254,0.8324114769754274,0.6313429063406117,0.0,109.58000995657417,0.625,0.34826623999999995,0.2487616,0,0,0,True,True,0.0,0.42942557752635613,tipping
0.6,0.44999999999999996,0.625,839.902885347009,522.7699287761058,0.37758288738331763,-1.7063474683187585,3.7935185150235577,4.937675157042844,2.8685622637202313,153.00862577709893,69.42756608765254,0.8231161110109881,0.6313429063406117,0.0,117.18116771159215,0.625,0.34826623999999995,0.310952,0,0,0,True,True,0.0,0.42942557752635613,tipping
0.6,0.44999999999999996,0.75,839.902885347009,520.3598805584832,0.38045232414757746,-1.570000330407416,4.822346874184729,5.555288192265312,3.2348863225639706,194.9587881446892,69.42756608765254,0.8143301303373058,0.6313429063406117,0.0,124.33578354360347,0.625,0.34826623999999995,0.3731424,0,0,0,True,True,0.0,0.42942557752635613,tipping
0.6,0.44999999999999996,0.875,839.902885347009,517.609273121269,0.38372723543220505,-1.4589992017097928,6.063467266525403,6.275645018898954,3.608596450898437,242.06551618748762,69.42756608765254,0.8060466187185658,0.6313429063406117,0.0,131.06698530102923,0.625,0.34826623999999995,0.4353328,0,0,0,True,True,0.0,0.42942557752635613,tipping
0.6,0.44999999999999996,1.0,839.902885347009,514.542448650019,0.3873786390941688,-1.3680235109421952,7.615011211938922,7.166225914596749,4.013410515326867,296.0912522233455,69.42756608765254,0.7982449045529538,0.6313429063406117,0.0,137.39746889908827,0.625,0.34826623999999995,0.4975232,0,0,0,True,True,0.0,0.42942557752635613,tipping
0.6,0.525,0.0,779.7389560434419,716.1530620648708,0.08154766859567873,0.6655063930829987,0.0,0.0,4.072408810519141,31.339232138473538,56.32595931999104,0.8061645619337079,0.7164362017481107,0.0,190.09599186255554,0.25,0.15749999999999997,0.0,2,2,0,False,False,0.0,0.42942557752635613,collapse
0.6,0.525,0.125,779.7389560434419,470.8201298290947,0.39618236824009123,-3.0,1.6549553705620996,5.101664997437469,2.355576105083458,32.28058155685964,56.32595931999104,0.9481247935947552,0.7164362017481107,0.0,35.232226883181795,0.5,0.302568,0.05403,2,0,2,True,True,0.0,0.42942557752635613,tipping
0.6,0.525,0.25,779.7389560434419,477.96524867130836,0.38701889271173046,-2.8857281582021885,1.775067536991716,3.8411942123081078,1.3421450352445459,34.934671363561634,56.32595931999104,0.9347849902508494,0.7164362017481107,0.0,77.66207389859082,0.625,0.34826623999999995,0.1243808,0,0,0,True,True,0.0,0.42942557752635613,tipping
0.6,0.525,0.375,779.7389560434419,475.8458738185123,0.38973694961573613,-2.5146685237497817,2.6675666102238873,4.476382556690211,1.937458437611201,65.0322934083214,56.32595931999104,0.9268771318998424,0.7164362017481107,0.0,86.4642227770338,0.625,0.34826623999999995,0.1865712,0,0,0,True,True,0.0,0.42942557752635613,tipping
0.6,0.525,0.5,779.7389560434419,473.78843415053876,0.3923755758534368,-2.228262822624427,3.638623833713166,5.009590451825573,2.38612410420626,97.61949631068931,56.32595931999104,0.9188871177030705,0.7164362017481107,0.0,94.77249489995974,0.625,0.34826623999999995,0.2487616,0,0,0,True,True,0.0,0.42942557752635613,tipping
0.6,0.525,0.625,779.7389560434419,471.69373311065,0.3950619890737249,-2.0023015620727445,4.727963808919286,5.538007702537998,2.7716310727954636,133.27988422214634,56.32595931999104,0.9109778464189647,0.7164362017481107,0.0,102.60302523378834,0.625,0.34826623999999995,0.310952,0,0,0,True,True,0.0,0.42942557752635613,tipping
0.6,0.525,0.75,779.7389560434419,469.5141128883487,0.3978573094888561,-1.820925540303723,5.992029254217969,6.124467091376768,3.1364369933125094,172.8425975238614,56.32595931999104,0.9031793620705305,0.7164362017481107,0.0,109.97271594828838,0.625,0.34826623999999995,0.3731424,0,0,0,True,True,0.0,0.42942557752635613,tipping
0.6,0.525,0.875,779.7389560434419,467.1900599256862,0.4008378620759106,-1.673623990713144,7.512336547946958,6.826669702564695,3.5087945667402405,217.4866902319548,56.32595931999104,0.895590512397323,0.7164362017481107,0.0,116.90084215409384,0.625,0.34826623999999995,0.4353328,0,0,0,True,True,0.0,0.42942557752635613,tipping
0.6,0.525,1.0,779.7389560434419,464.65342996403194,0.404091040517226,-1.553185770841278,9.408676884289543,7.712672814655777,3.914031676481429,268.94072988950006,56.32595931999104,0.8883242165895157,0.7164362017481107,0.0,123.40877411971042,0.625,0.34826623999999995,0.4975232,0,0,0,True,True,0.0,0.42942557752635613,tipping
0.6,0.6,0.0,709.0803547324301,649.7694196102345,0.0836448714540631,0.6569040509116271,0.0,0.0,7.958006875596735,20.545414121571348,40.938978784546535,0.9005119043467342,0.8167807315315618,0.0,172.86982046797226,0.25,0.15749999999999997,0.0,2,2,0,False,False,0.0,0.42942557752635613,collapse
0.6,0.6,0.125,709.0803547324301,448.2183842562657,0.36788774182666517,-3.0,2.3697626401450163,8.249196747536296,3.1497240649812377,27.782029212839152,40.938978784546535,0.9902239758010762,0.8167807315315618,0.0,19.04778839760374,0.375,0.29136799999999996,0.05203,2,0,2,True,True,0.0,0.42942557752635613,tipping
0.6,0.6,0.25,709.0803547324301,436.2627024938826,0.38474856963354265,-3.0,3.186482580428015,6.593893749465835,2.494386284210924,43.17957582161587,40.938978784546535,0.9880481426213059,0.8167807315315618,0.0,46.3963290842598,0.625,0.32577999999999996,0.11635000000000001,1,0,1,True,True,0.0,0.42942557752635613,tipping
0.6,0.6,0.375,709.0803547324301,431.37648718128264,0.39163948866689224,-3.0,4.609290592283577,6.8509815879430445,3.018842529009875,72.75566362905695,40.938978784546535,0.9849707691361153,0.8167807315315618,0.0,56.10615326462159,0.625,0.32577999999999996,0.17452499999999999,1,0,1,True,True,0.0,0.42942557752635613,tipping
0.6,0.6,0.5,709.0803547324301,426.9037960773477,0.3979472238538623,-3.0,6.092323973934262,7.112708864516619,3.3898656270851153,104.01009634446648,40.938978784546535,0.9813446129166751,0.8167807315315618,0.0,65.33211555404618,0.625,0.32577999999999996,0.23270000000000002,1,0,1,True,True,0.0,0.42942557752635613,tipping
0.6,0.6,0.625,709.0803547324301,423.3241214006224,0.40299555815452986,-2.8585200581094092,7.47380020617636,7.220267124226155,3.610863380259885,133.88882604031386,40.938978784546535,0.976416348778539,0.8167807315315618,0.0,74.05850663682232,0.625,0.32577999999999996,0.290875,1,0,1,True,True,0.0,0.42942557752635613,tipping
0.6,0.6,0.75,709.0803547324301,432.9936233909082,0.38935887801559893,-1.9556874842873277,8.235138444773407,6.811644447387355,3.147450019095948,155.78110546988063,40.938978784546535,0.967640023103073,0.8167807315315618,0.0,93.40863430562979,0.625,0.34826623999999995,0.3731424,0,0,0,True,True,0.0,0.42942557752635613,tipping
0.6,0.6,0.875,709.0803547324301,429.39778481750915,0.3944300078944629,-1.7836605469813418,10.306092886809283,7.476753726732044,3.5023955286601804,197.64378911189254,40.938978784546535,0.9634329208419801,0.8167807315315618,0.0,100.47294387895624,0.625,0.34826623999999995,0.4353328,0,0,0,True,True,0.0,0.42942557752635613,tipping
0.6,0.6,1.0,709.0803547324301,425.85066869222675,0.3994324256058109,-1.6443769206488605,12.884021913124402,8.347268256833626,3.8950575288949447,246.12626747719688,40.938978784546535,0.9591869246765066,0.8167807315315618,0.0,107.10639766539268,0.625,0.34826623999999995,0.4975232,0,0,0,True,True,0.0,0.42942557752635613,tipping
