path,N,true,mean_est,bias,pct_bias,rmse,emp_se,mean_analytic_se,coverage_95,power
AD<-agency,200,-0.280426459819997,-0.28086766278875813,-0.0004412029687611563,-0.157332859760376,0.1007178555338108,0.10081775738270164,0.10153894710325273,0.94,0.802
AD<-agency,400,-0.280426459819997,-0.28312634446591484,-0.0026998846459178605,-0.9627781371420024,0.06710571030782914,0.0671185277875025,0.0712449926442771,0.96,0.982
AD<-agency,800,-0.280426459819997,-0.28836096353221685,-0.007934503712219876,-2.8294418855070465,0.0500937950168806,0.04951095453808749,0.050075843008906724,0.952,1.0
AD<-agency,1200,-0.280426459819997,-0.28441400061137584,-0.003987540791378863,-1.4219559716027537,0.04086465715608959,0.04071037204086011,0.04071950093681867,0.946,1.0
AD<-agency,1600,-0.280426459819997,-0.2849597082349795,-0.004533248414982538,-1.6165551631169972,0.03450466824725339,0.03423983824007478,0.03534427728918121,0.95,1.0
AD<-agency,2400,-0.280426459819997,-0.28405923711366526,-0.003632777293668288,-1.2954474039244293,0.029545186191214674,0.02935036360755931,0.02884185514798907,0.95,1.0
AD<-frame,200,-0.23739953500314273,-0.24283873688628654,-0.005439201883143813,-2.291159451112192,0.10006502477446437,0.10001715416989758,0.10158943670777025,0.946,0.664
AD<-frame,400,-0.23739953500314273,-0.2333094713146184,0.004090063688524326,1.7228608676309969,0.06509729100803896,0.06503374086203365,0.07121969164989861,0.96,0.932
AD<-frame,800,-0.23739953500314273,-0.2362368454634998,0.001162689539642936,0.48976066428379755,0.050556893984613126,0.05059414211980963,0.0500685505981253,0.95,1.0
AD<-frame,1200,-0.23739953500314273,-0.23418174045660975,0.0032177945465329816,1.355434224619197,0.04070894454568198,0.04062221427821783,0.040717221172050455,0.944,1.0
AD<-frame,1600,-0.23739953500314273,-0.23385018682003075,0.0035493481831119778,1.4950948337156769,0.03590252946039348,0.03576243353624484,0.03534418627864068,0.938,1.0
AD<-frame,2400,-0.23739953500314273,-0.2341330290938756,0.0032665059092671367,1.3759529517234035,0.02961074527927611,0.02945949590432207,0.028839968464963308,0.944,1.0
AD<-stringency2,200,1.312633694222495,1.3393411842845284,0.026707490062033434,2.0346491317086435,0.8698144542698101,0.8702750439576818,0.845138924290881,0.934,0.374
AD<-stringency2,400,1.312633694222495,1.321138042782188,0.008504348559692954,0.6478843714829222,0.564972064056565,0.5654738106056482,0.5927519334376133,0.964,0.584
AD<-stringency2,800,1.312633694222495,1.2760060441748307,-0.03662765004766433,-2.790393863029082,0.41979276032836477,0.41861061449661335,0.41466956712141845,0.952,0.844
AD<-stringency2,1200,1.312633694222495,1.311487449345182,-0.001146244877312963,-0.08732404800800413,0.33396984778129296,0.334302350384628,0.33755973599192235,0.958,0.974
AD<-stringency2,1600,1.312633694222495,1.2627166699411823,-0.04991702428131273,-3.802814486705811,0.3048981560005197,0.3010855047686282,0.29319126373345356,0.926,0.992
AD<-stringency2,2400,1.312633694222495,1.274575653916912,-0.03805804030558302,-2.899364877883676,0.2506064817957387,0.24794787877154975,0.23893138712377918,0.944,1.0
AD<-stringency:precarity,200,0.7283184656902487,0.7346396152003032,0.006321149510054469,0.8679100980990577,0.17304573965692735,0.17310343926003297,0.17886038836883858,0.954,0.982
AD<-stringency:precarity,400,0.7283184656902487,0.7333216350984537,0.005003169408204999,0.6869480376906935,0.12036461236844233,0.12038102586893291,0.12460400957182256,0.964,1.0
AD<-stringency:precarity,800,0.7283184656902487,0.7274921212386879,-0.0008263444515608231,-0.11345922017458912,0.0842542886994067,0.08433461313740888,0.08695704271690329,0.944,1.0
AD<-stringency:precarity,1200,0.7283184656902487,0.7317229191249693,0.0034044534347206223,0.4674402195047256,0.07033047197352825,0.07031837834803256,0.07072705435478073,0.956,1.0
AD<-stringency:precarity,1600,0.7283184656902487,0.7367456627645439,0.008427197074295179,1.1570758495456939,0.06129346027367415,0.06077217402778668,0.061461325097892906,0.946,1.0
AD<-stringency:precarity,2400,0.7283184656902487,0.7305654206592352,0.0022469549689865254,0.3085127008078719,0.04948156321286507,0.049480024626410296,0.05009621875717437,0.938,1.0
BSE<-int:sac,200,0.22423675373640375,0.2612478570527513,0.03701110331634752,16.50536885656577,0.8326842747295523,0.83269444557567,0.8129384965514446,0.954,0.056
BSE<-int:sac,400,0.22423675373640375,0.335125924142999,0.11088917040659527,49.451826499617404,0.5731742682660744,0.562908576787144,0.5683606544467882,0.958,0.094
BSE<-int:sac,800,0.22423675373640375,0.2674201360735614,0.043183382337157655,19.257941268507786,0.40336734267600133,0.4014507866421646,0.4006920824000989,0.946,0.086
BSE<-int:sac,1200,0.22423675373640375,0.30136577288431066,0.0771290191479069,34.39624319491806,0.3324090905237347,0.3236609811663392,0.32658889468319363,0.942,0.144
BSE<-int:sac,1600,0.22423675373640375,0.3088183934016226,0.08458163966521884,37.71979314518154,0.3034283264950542,0.2916931011897533,0.28302179313854375,0.946,0.206
BSE<-int:sac,2400,0.22423675373640375,0.2955442869055468,0.07130753316914304,31.80010947386838,0.2443691949796783,0.23396799185095626,0.23066993013717083,0.938,0.254
BSE<-intensity|no_sacrifice,200,0.07753995743398714,0.0794915572961566,0.0019515998621694591,2.516895709938666,0.48220958329630814,0.48268856417025113,0.4664439053844043,0.946,0.062
BSE<-intensity|no_sacrifice,400,0.07753995743398714,0.036573159210969264,-0.04096679822301788,-52.83314510117731,0.3268705207858935,0.3246179484055832,0.32719779414404204,0.962,0.042
BSE<-intensity|no_sacrifice,800,0.07753995743398714,0.06433771628655947,-0.01320224114742767,-17.026371414373035,0.23349411991524827,0.233354050939471,0.23053431521152087,0.944,0.056
BSE<-intensity|no_sacrifice,1200,0.07753995743398714,0.04880655324961701,-0.028733404184370134,-37.05625478123516,0.18431713818508638,0.18224605939511546,0.18818572945642517,0.95,0.052
BSE<-intensity|no_sacrifice,1600,0.07753995743398714,0.04703184772511661,-0.030508109708870537,-39.345017353729986,0.1687192477688342,0.16610424754284986,0.16287190891068462,0.942,0.054
BSE<-intensity|no_sacrifice,2400,0.07753995743398714,0.051223768207024276,-0.02631618922696287,-33.93887499748436,0.1352544910955347,0.13280251715690172,0.1328301724221833,0.942,0.052
CDC<-CS,200,-0.19101877228924197,-0.1938977096624382,-0.002878937373196222,-1.5071489250395993,0.0724673987996878,0.07248270893518932,0.07348503039943756,0.956,0.738
CDC<-CS,400,-0.19101877228924197,-0.19290764414751313,-0.0018888718582711628,-0.9888409582075689,0.05228944751613821,0.05230765399038614,0.05136375593319991,0.952,0.956
CDC<-CS,800,-0.19101877228924197,-0.19111577028815963,-9.699799891765837e-05,-0.050779301821852106,0.03491939592561502,0.03495423293391032,0.036205544454452745,0.96,1.0
CDC<-CS,1200,-0.19101877228924197,-0.19344983628019555,-0.0024310639909535803,-1.2726832875146528,0.028486003708170348,0.028410502431858626,0.029516740619896065,0.958,1.0
CDC<-CS,1600,-0.19101877228924197,-0.191540777429243,-0.0005220051400010306,-0.2732742618656736,0.025628796027489322,0.025649141376646183,0.025573024148933986,0.956,1.0
CDC<-CS,2400,-0.19101877228924197,-0.19262092849987747,-0.0016021562106355025,-0.8387428059694148,0.020388262549672524,0.02034557027292581,0.02086633640905486,0.966,1.0
CDC<-CS:community,200,-0.10761035507759038,-0.10197545411887919,0.005634900958711192,5.236392868136055,0.06559030380966187,0.06541325272675137,0.06507858311301487,0.942,0.356
CDC<-CS:community,400,-0.10761035507759038,-0.10830634341665589,-0.0006959883390655064,-0.6467670686126903,0.04603719868570595,0.046078038525177105,0.045478844630731076,0.952,0.668
CDC<-CS:community,800,-0.10761035507759038,-0.11003236300612289,-0.0024220079285325047,-2.250720134473727,0.0314556723480855,0.03139369887608788,0.03194539073557416,0.956,0.922
CDC<-CS:community,1200,-0.10761035507759038,-0.1057490219071103,0.0018613331704800812,1.7296970808438514,0.025948086977888325,0.02590716153263194,0.025967895894144027,0.942,0.986
CDC<-CS:community,1600,-0.10761035507759038,-0.10711560527176506,0.0004947498058253258,0.4597604063883985,0.02128407462137964,0.021299633891828856,0.022447849539945608,0.964,1.0
CDC<-CS:community,2400,-0.10761035507759038,-0.10634794543333051,0.0012624096442598737,1.1731302655194344,0.018690399761618397,0.018666393160072393,0.01832932619638528,0.94,1.0
CE<-locus,200,0.6626838381835466,0.667567593436206,0.004883755252659383,0.7369661022726403,0.11896580946020743,0.11898456794884978,0.12784297021879013,0.962,1.0
CE<-locus,400,0.6626838381835466,0.6634469157801702,0.0007630775966236403,0.11514957098005092,0.0836626744185132,0.08374297926747568,0.0899333452802002,0.974,1.0
CE<-locus,800,0.6626838381835466,0.6626240445216599,-5.979366188668678e-05,-0.009022954603886872,0.060970484014963675,0.06103151675825011,0.0634268202294551,0.958,1.0
CE<-locus,1200,0.6626838381835466,0.6674233507294518,0.004739512545905211,0.7151996582396408,0.04640984406284516,0.046213439720349574,0.051724806310352686,0.98,1.0
CE<-locus,1600,0.6626838381835466,0.6651008455568285,0.0024170073732818764,0.36473009209088025,0.04200209058431531,0.041974485150121435,0.04478830522489453,0.978,1.0
CE<-locus,2400,0.6626838381835466,0.664399775201514,0.0017159370179674616,0.2589375082193571,0.03541704781676929,0.035410883886185233,0.036554195916399475,0.96,1.0
CE<-locus:collectivism,200,0.219272652183856,0.21640345962493182,-0.0028691925589241773,-1.3085045172461034,0.08828591444542819,0.08832765122807362,0.0870089662615799,0.948,0.718
CE<-locus:collectivism,400,0.219272652183856,0.22124382570564383,0.001971173521787828,0.8989600399989901,0.05869582170394265,0.05872146439940381,0.06050888699999364,0.956,0.952
CE<-locus:collectivism,800,0.219272652183856,0.21878306071482645,-0.0004895914690295489,-0.22327976797434948,0.04188433890170932,0.041923421759330615,0.042665083861352954,0.95,0.998
CE<-locus:collectivism,1200,0.219272652183856,0.2173913185750918,-0.0018813336087641908,-0.857988258005904,0.03326682078882219,0.033246844279679555,0.03473737637361537,0.95,1.0
CE<-locus:collectivism,1600,0.219272652183856,0.21892654941046305,-0.0003461027733929478,-0.15784128569812195,0.03174871183895148,0.03177861981990949,0.03007421006492267,0.938,1.0
CE<-locus:collectivism,2400,0.219272652183856,0.21888034926615552,-0.0003923029177004822,-0.1789110104664372,0.023567455779047477,0.02358779001928986,0.024574606651908054,0.956,1.0
CS<-AD,200,-0.2114683932836494,-0.2117464576923692,-0.00027806440871980254,-0.13149218396222023,0.06657671708491605,0.06664281256762354,0.06433295315378416,0.934,0.894
CS<-AD,400,-0.2114683932836494,-0.2075013807312104,0.0039670125524389754,1.875936394475336,0.04372136874975107,0.04358463189054797,0.04495616554869504,0.95,0.996
CS<-AD,800,-0.2114683932836494,-0.21011500834583308,0.0013533849378163099,0.6399939569194016,0.031809074218429594,0.03181209787149577,0.03167136942866627,0.952,1.0
CS<-AD,1200,-0.2114683932836494,-0.21148721699000458,-1.88237063551977e-05,-0.00890142780337856,0.025213493052331323,0.025238737395096373,0.02582953250492267,0.962,1.0
CS<-AD,1600,-0.2114683932836494,-0.21007451432993554,0.0013938789537138452,0.6591429253626564,0.020879831818496574,0.020854118700262183,0.022389706598151107,0.972,1.0
CS<-AD,2400,-0.2114683932836494,-0.21099129008916892,0.000477103194480466,0.22561442259517994,0.01843751829244719,0.018449803354338736,0.01825930577463663,0.948,1.0
CS<-PR,200,-0.25701988484961835,-0.2548409112124251,0.002178973637193271,0.8477840687150354,0.06151109151949497,0.06153405018746165,0.0643153435615654,0.962,0.978
CS<-PR,400,-0.25701988484961835,-0.25845145597261737,-0.0014315711229990202,-0.556988469522916,0.043803398917009316,0.0438238453315285,0.044971630687572005,0.956,1.0
CS<-PR,800,-0.25701988484961835,-0.25746865523649887,-0.00044877038688051485,-0.17460531784976216,0.02970356400989978,0.029729918535750435,0.031705937437910454,0.96,1.0
CS<-PR,1200,-0.25701988484961835,-0.25570131619151204,0.0013185686581063116,0.5130220406380901,0.02562838436122475,0.025620074904980323,0.025853422197897807,0.948,1.0
CS<-PR,1600,-0.25701988484961835,-0.25792960843053264,-0.0009097235809142901,-0.3539506608381789,0.02125718265596053,0.021258977061151624,0.022407853548666253,0.962,1.0
CS<-PR,2400,-0.25701988484961835,-0.2576088148765141,-0.0005889300268957509,-0.22913792340932726,0.018049565548953424,0.018058022102486606,0.01827615405357055,0.958,1.0
CS<-RIA,200,0.3144916340359356,0.32022471600683156,0.005733081970895948,1.8229680380695354,0.05914091829409546,0.05892133259400342,0.058815699639209094,0.958,0.998
CS<-RIA,400,0.3144916340359356,0.3180645448328172,0.003572910796881601,1.1360908877029077,0.04223266704150124,0.04212340485227339,0.041025187517653196,0.944,1.0
CS<-RIA,800,0.3144916340359356,0.3191136410418267,0.0046220070058911045,1.4696756624528433,0.028776106543552702,0.02843093376998823,0.028782220445575928,0.952,1.0
CS<-RIA,1200,0.3144916340359356,0.3148688454251746,0.0003772113892390183,0.1199432189648379,0.022073592237977495,0.02209247248583561,0.023507493971779946,0.966,1.0
CS<-RIA,1600,0.3144916340359356,0.3168858289489676,0.0023941949130319995,0.7612904935814008,0.01920574114292016,0.019075010763785816,0.020358139185027074,0.964,1.0
CS<-RIA,2400,0.3144916340359356,0.31637813276299803,0.0018864987270624245,0.5998565694249481,0.016656715263317436,0.01656611475972834,0.016586330819304176,0.944,1.0
CS<-RIA:symbolic,200,0.10486070735444585,0.09662380150647003,-0.008236905847975817,-7.855092775652577,0.05356479645986566,0.0529807013096367,0.05433988662416257,0.956,0.44
CS<-RIA:symbolic,400,0.10486070735444585,0.10095397430489553,-0.003906733049550318,-3.725640564589826,0.037737687661034205,0.03757251514964983,0.03787743412963438,0.96,0.756
CS<-RIA:symbolic,800,0.10486070735444585,0.10433513423472786,-0.0005255731197179869,-0.5012107327642319,0.025687042315407048,0.02570738522525349,0.026605978742453604,0.95,0.966
CS<-RIA:symbolic,1200,0.10486070735444585,0.10464014586740994,-0.00022056148703590572,-0.210337592219619,0.021028532599550728,0.021048434838226864,0.0217071402076731,0.948,1.0
CS<-RIA:symbolic,1600,0.10486070735444585,0.10394743597900656,-0.000913271375439284,-0.8709376452550261,0.01829820220720134,0.018293699962749068,0.01878964392272037,0.962,1.0
CS<-RIA:symbolic,2400,0.10486070735444585,0.10329130082712817,-0.001569406527317671,-1.4966583450537494,0.015376852345630276,0.015311873109700952,0.015322197177061543,0.944,1.0
CS<-RSV,200,0.15415931346100983,0.15369732602907393,-0.00046198743193590075,-0.29968181718047826,0.06626291509656686,0.06632766544296421,0.06572968898596716,0.946,0.65
CS<-RSV,400,0.15415931346100983,0.15524196519102634,0.0010826517300165095,0.7022940785756108,0.0445735560252529,0.04460503312326656,0.04597842100502187,0.964,0.932
CS<-RSV,800,0.15415931346100983,0.1549302586119476,0.0007709451509377574,0.5000963831664603,0.03308706460474096,0.03311120946321322,0.032270960458598535,0.948,0.998
CS<-RSV,1200,0.15415931346100983,0.15577794924339936,0.0016186357823895214,1.0499759930420351,0.025841292790973965,0.02581637856317275,0.026348600776962255,0.96,1.0
CS<-RSV,1600,0.15415931346100983,0.15402905754918883,-0.00013025591182100338,-0.08449435126285959,0.023013891803300893,0.02303657128490707,0.022819144715347264,0.966,1.0
CS<-RSV,2400,0.15415931346100983,0.15508033095527526,0.0009210174942654303,0.5974452490620366,0.0189850626408075,0.01898170013805148,0.018598142127623212,0.942,1.0
CS<-stringency,200,1.3078687316152104,1.304057430280868,-0.0038113013343423763,-0.291413139729438,1.1434329441434095,1.1445717367888812,1.1096698819839959,0.944,0.24
CS<-stringency,400,1.3078687316152104,1.3434634957895584,0.035594764174347926,2.7215853788599547,0.7442336596526679,0.7441264686369029,0.7748866521016293,0.952,0.408
CS<-stringency,800,1.3078687316152104,1.315883310546417,0.008014578931206495,0.612796891420625,0.5322715353122891,0.5327442037239446,0.5427151372238483,0.962,0.652
CS<-stringency,1200,1.3078687316152104,1.3016521772417342,-0.006216554373476235,-0.47531944324367115,0.41313968102120585,0.41350662139547556,0.4432082731843458,0.962,0.84
CS<-stringency,1600,1.3078687316152104,1.3157481287089485,0.007879397093738083,0.6024608512508015,0.37142900740474327,0.3717173256433966,0.3836105913364757,0.96,0.922
CS<-stringency,2400,1.3078687316152104,1.3021609019506561,-0.005707829664554298,-0.4364222132217196,0.31915529795151965,0.3194238376627174,0.31252750411054014,0.942,0.982
CS<-stringency2,200,-1.6345122041500846,-1.6185102071688962,0.016001996981188427,0.9790074947466894,1.1130647112104384,1.114064300642707,1.0804691611134771,0.926,0.316
CS<-stringency2,400,-1.6345122041500846,-1.6610259549997355,-0.026513750849650908,-1.6221200907717501,0.7318349519925433,0.7320869624676025,0.755393467441419,0.95,0.588
CS<-stringency2,800,-1.6345122041500846,-1.6183736072481643,0.01613859690192032,0.9873647233060711,0.510359444317017,0.5106150836205814,0.5286478699161585,0.966,0.862
CS<-stringency2,1200,-1.6345122041500846,-1.6171130806927316,0.01739912345735295,1.0644841569959105,0.4015375941596098,0.4015622174150774,0.43154593466899044,0.96,0.966
CS<-stringency2,1600,-1.6345122041500846,-1.625515312879074,0.008996891271010554,0.5504327987372393,0.3598425031554104,0.3600902845825065,0.3737373739245705,0.958,0.994
CS<-stringency2,2400,-1.6345122041500846,-1.6197205188660768,0.01479168528400776,0.9049602227772968,0.3061427640175169,0.3060914601400785,0.30453146258286545,0.954,1.0
PA<-agency,200,0.6762766885633896,0.6817804119515849,0.00550372338819527,0.8138271629440099,0.1145541112644596,0.11453641612034053,0.12800027219864032,0.97,1.0
PA<-agency,400,0.6762766885633896,0.6751713263578706,-0.0011053622055190448,-0.16344821937682408,0.07849479411262518,0.07856561581987592,0.08995772313051772,0.976,1.0
PA<-agency,800,0.6762766885633896,0.6735125932163326,-0.002764095347057016,-0.40872255303146404,0.05723812856020069,0.057228606174848186,0.06336305334263877,0.968,1.0
PA<-agency,1200,0.6762766885633896,0.672570304271466,-0.0037063842919236034,-0.5480573786731541,0.04827954087480902,0.048185271851570545,0.051704794497930286,0.974,1.0
PA<-agency,1600,0.6762766885633896,0.6765142394854383,0.00023755092204869044,0.035126291659256674,0.039916811042433595,0.039956080263920994,0.04473909677755546,0.984,1.0
PA<-agency,2400,0.6762766885633896,0.6763931185440515,0.0001164299806618585,0.01721632323435809,0.03520194278543118,0.03523700488058373,0.03649416499914286,0.956,1.0
PA<-locus:collectivism,200,0.13251795811666608,0.13926903775813126,0.00675107964146518,5.094463978588263,0.08764021056404342,0.0874673109931316,0.08748852747834059,0.946,0.348
PA<-locus:collectivism,400,0.13251795811666608,0.13774316465605368,0.0052252065393876,3.9430176963246035,0.05899114435120912,0.05881812196448294,0.06075043948333193,0.97,0.64
PA<-locus:collectivism,800,0.13251795811666608,0.13461318300741898,0.0020952248907528948,1.581087514865337,0.04221194503663974,0.04220213711635751,0.042786416242752236,0.946,0.882
PA<-locus:collectivism,1200,0.13251795811666608,0.13377189560704425,0.0012539374903781653,0.9462396705997854,0.03311391816977454,0.03312330787185204,0.03486380977371979,0.97,0.98
PA<-locus:collectivism,1600,0.13251795811666608,0.1315536394506035,-0.0009643186660625858,-0.7276890466470534,0.029346472278452336,0.02935999904270827,0.030173373139426828,0.95,0.994
PA<-locus:collectivism,2400,0.13251795811666608,0.13407981785876086,0.0015618597420947733,1.1786023300388904,0.02612643473783042,0.02610582721703158,0.024633823260042733,0.936,1.0
PR<-AD,200,0.5362571080233863,0.5328737628293686,-0.0033833451940177284,-0.6309184798467735,0.04725177107325116,0.04717768872554082,0.059634231911938534,0.99,1.0
PR<-AD,400,0.5362571080233863,0.5321789170733842,-0.00407819095000217,-0.7604917284969048,0.033975316355486035,0.033763448000351234,0.04175632494990091,0.978,1.0
PR<-AD,800,0.5362571080233863,0.5335997681934077,-0.002657339829978622,-0.4955346586954293,0.02413901580063222,0.02401633188573293,0.02937414180181708,0.988,1.0
PR<-AD,1200,0.5362571080233863,0.5336691800488905,-0.0025879279744958072,-0.4825908945113919,0.01902997502552353,0.018872066342797894,0.02395833531367849,0.992,1.0
PR<-AD,1600,0.5362571080233863,0.5347653108646301,-0.0014917971587562473,-0.27818692497189385,0.016898201057522332,0.016849080783950914,0.020718242130563603,0.986,1.0
PR<-AD,2400,0.5362571080233863,0.534897137244605,-0.0013599707787813609,-0.25360424289602446,0.014502943118943226,0.014453499433837164,0.016897739049500586,0.984,1.0
PR<-AD:symbolic,200,0.13976572055347405,0.1414216975101649,0.001655976956690841,1.184823395981005,0.05871046320003579,0.05874587973853294,0.0590468094409336,0.942,0.644
PR<-AD:symbolic,400,0.13976572055347405,0.1409408433634315,0.0011751228099574351,0.8407804183282752,0.039458658783165096,0.039480657085661584,0.04135074636476483,0.958,0.936
PR<-AD:symbolic,800,0.13976572055347405,0.13877608181565174,-0.0009896387378223181,-0.708069714015894,0.029346684063646832,0.02935936691332439,0.029054311877511018,0.96,0.996
PR<-AD:symbolic,1200,0.13976572055347405,0.13932236687834706,-0.00044335367512698953,-0.3172120269320196,0.02413617988854944,0.02415627596439704,0.023714425609733348,0.946,1.0
PR<-AD:symbolic,1600,0.13976572055347405,0.13843348750715187,-0.0013322330463221843,-0.9531901249011505,0.020006186726479355,0.0199817718147004,0.02050221884005912,0.95,1.0
PR<-AD:symbolic,2400,0.13976572055347405,0.1392954275295482,-0.00047029302392584404,-0.33648667359930085,0.01639183376501342,0.016401495564887087,0.016724152284778665,0.956,1.0
RIA<-PA,200,0.37486706284310184,0.3736011309830992,-0.0012659318600026226,-0.33770154422158266,0.05539082182902846,0.0554318133501293,0.061883738570106955,0.968,1.0
RIA<-PA,400,0.37486706284310184,0.3733577430684951,-0.001509319774606721,-0.402628004486596,0.04015753957893122,0.040169355148389964,0.0434531087744967,0.97,1.0
RIA<-PA,800,0.37486706284310184,0.3732316392474711,-0.0016354235956307361,-0.436267615304167,0.029695305637150362,0.02967993199576398,0.030629834842133087,0.972,1.0
RIA<-PA,1200,0.37486706284310184,0.3733181344389468,-0.0015489284041550477,-0.413194051353402,0.024508891232568376,0.024484393832221604,0.02497879032409352,0.948,1.0
RIA<-PA,1600,0.37486706284310184,0.37364389184221636,-0.0012231710008854813,-0.32629460470742094,0.01962550699867026,0.01960696927487111,0.021614954188424934,0.968,1.0
RIA<-PA,2400,0.37486706284310184,0.37434726159543175,-0.0005198012476700931,-0.13866282188847995,0.01611342197532601,0.016121164918656124,0.017650637026792926,0.97,1.0
RIA<-frame,200,0.26874647189071826,0.27474674977639196,0.006000277885673699,2.232690849274217,0.12206099489850591,0.12203552137743957,0.12316300746154164,0.96,0.602
RIA<-frame,400,0.26874647189071826,0.2701273287593851,0.0013808568686668465,0.5138139522156083,0.08518869694969004,0.0852628102746223,0.08648388289144782,0.958,0.868
RIA<-frame,800,0.26874647189071826,0.27017130038031756,0.0014248284895992946,0.5301757003803117,0.06331831880949869,0.0633656829853268,0.060957223723032,0.946,0.99
RIA<-frame,1200,0.26874647189071826,0.2675515616228899,-0.001194910267828364,-0.4446236110254167,0.04653948964319804,0.04657074138993701,0.049724546203528446,0.97,1.0
RIA<-frame,1600,0.26874647189071826,0.2627820882248517,-0.005964383665866546,-2.2193346851711158,0.042146027122981725,0.04176364608131654,0.04301172972290995,0.956,1.0
RIA<-frame,2400,0.26874647189071826,0.26466590578746085,-0.00408056610325741,-1.5183701108833638,0.03652277074159625,0.03633044957129282,0.03511860243458737,0.934,1.0
RSV<-RIA:symbolic,200,0.11729259036049204,0.11911621533737779,0.0018236249768857488,1.554765711342374,0.06391232596056616,0.06395028600243258,0.05833246458621295,0.936,0.524
RSV<-RIA:symbolic,400,0.11729259036049204,0.12096965279235004,0.0036770624318580025,3.1349486105860676,0.04005849455408531,0.039929323806084216,0.04093631187512339,0.956,0.844
RSV<-RIA:symbolic,800,0.11729259036049204,0.11883844526837785,0.0015458549078858075,1.3179476240754269,0.02875801901160084,0.02874520069858209,0.028917271126469926,0.944,0.984
RSV<-RIA:symbolic,1200,0.11729259036049204,0.11763727554624484,0.0003446851857527994,0.29386782633966096,0.022593794652415435,0.02261379039325648,0.02358506677996032,0.952,1.0
RSV<-RIA:symbolic,1600,0.11729259036049204,0.11764730925984494,0.0003547188993529016,0.3024222572454655,0.02077034596289455,0.020788115292049998,0.020402629921944197,0.946,1.0
RSV<-RIA:symbolic,2400,0.11729259036049204,0.11863444012338402,0.0013418497628919779,1.144019207655351,0.01626479675447337,0.01622558448444548,0.016659032945375497,0.956,1.0
SCB<-CS,200,0.3931867849688278,0.3918908640799969,-0.0012959208888309037,-0.3295942128193219,0.060113619145646405,0.06015983883168426,0.06650262729947239,0.972,1.0
SCB<-CS,400,0.3931867849688278,0.39519261758693475,0.0020058326181069397,0.5101475163415938,0.04319707545289806,0.043193695765693686,0.04652220557324879,0.962,1.0
SCB<-CS,800,0.3931867849688278,0.391127944977978,-0.0020588399908498256,-0.523628989974273,0.029378133155675126,0.029335251824449425,0.032803406819626346,0.97,1.0
SCB<-CS,1200,0.3931867849688278,0.3913800252935619,-0.0018067596752658899,-0.4595168872230882,0.024493011978233413,0.024450745041980505,0.02675252772619406,0.968,1.0
SCB<-CS,1600,0.3931867849688278,0.39210626762935263,-0.0010805173394751733,-0.2748101871119828,0.02086251392462695,0.020855379719891667,0.023151627519747777,0.976,1.0
SCB<-CS,2400,0.3931867849688278,0.3912955848013662,-0.001891200167461582,-0.48099281047981,0.017177081681843065,0.01708975179058576,0.01890038193652517,0.962,1.0
SCB<-CS:community,200,0.1305991001053836,0.13245445125042551,0.001855351145041928,1.4206461939864774,0.058713722114543426,0.05874317285767932,0.06158954233409997,0.96,0.584
SCB<-CS:community,400,0.1305991001053836,0.13306180001408802,0.00246269990870443,1.885694393528256,0.042052043703739925,0.04202191298790722,0.04305301259557505,0.942,0.884
SCB<-CS:community,800,0.1305991001053836,0.13513497532077237,0.004535875215388785,3.4731289968261234,0.028753939401017174,0.02842235965158625,0.030287432336873876,0.956,0.996
SCB<-CS:community,1200,0.1305991001053836,0.13527591307247125,0.004676812967087662,3.5810453236492577,0.02467418853002723,0.02425116983906827,0.02461121670707858,0.96,1.0
SCB<-CS:community,1600,0.1305991001053836,0.13328500820157377,0.0026859080961901816,2.056605362519566,0.022058221826155102,0.021916014034788156,0.021253126295939367,0.946,1.0
SCB<-CS:community,2400,0.1305991001053836,0.13508948061648174,0.004490380511098152,3.43829360802668,0.018320416460705997,0.01777938004737497,0.017369233810390426,0.932,1.0
SPS<-CS,200,0.3260588066319826,0.3291716640121882,0.0031128573802056136,0.9546920116497573,0.06397422655829091,0.0639624434414762,0.06627752587224442,0.968,0.998
SPS<-CS,400,0.3260588066319826,0.32821814049672104,0.002159333864738433,0.6622528883782048,0.04735584434693252,0.047353965696717584,0.04655513289973398,0.95,1.0
SPS<-CS,800,0.3260588066319826,0.3248787560808845,-0.0011800505510980996,-0.36191341165840213,0.030446076015543222,0.03045366771335565,0.03277582175101892,0.97,1.0
SPS<-CS,1200,0.3260588066319826,0.3255954914736909,-0.00046331515829173275,-0.14209558179891404,0.025654825209148482,0.025676330412716365,0.026728849346095863,0.95,1.0
SPS<-CS,1600,0.3260588066319826,0.3269410015684063,0.0008821949364236636,0.27056313722471464,0.022418647323869598,0.022423717938347135,0.023130169669366478,0.962,1.0
SPS<-CS,2400,0.3260588066319826,0.32614745558607716,8.864895409455009e-05,0.027188026298070482,0.016582236412381518,0.01659860636516152,0.018871602756935987,0.974,1.0
SPS<-CS:growth_endorse,200,-0.12156368552197397,-0.121639514300152,-7.58287781780359e-05,-0.06237782101769631,0.06412227587395859,0.064186449612673,0.06446551327416429,0.938,0.456
SPS<-CS:growth_endorse,400,-0.12156368552197397,-0.12364826173878049,-0.002084576216806522,-1.714801758303522,0.04504796718393103,0.0450447772034391,0.04464075963347937,0.958,0.788
SPS<-CS:growth_endorse,800,-0.12156368552197397,-0.12163307273897016,-6.9387216996189e-05,-0.057078902056713066,0.031167431136931083,0.03119856808236941,0.03140714310261154,0.952,0.968
SPS<-CS:growth_endorse,1200,-0.12156368552197397,-0.1241507454382661,-0.002587059916292128,-2.128151927249036,0.025361704467578506,0.025254678220764857,0.025559075619139397,0.952,1.0
SPS<-CS:growth_endorse,1600,-0.12156368552197397,-0.12264496025880331,-0.0010812747368293407,-0.8894718288423344,0.020497875171324145,0.020489836462969636,0.022129540644614445,0.968,1.0
SPS<-CS:growth_endorse,2400,-0.12156368552197397,-0.12342537692161747,-0.0018616913996434975,-1.5314535682546921,0.017395548885441463,0.017312963454169477,0.018020400768886027,0.954,1.0
